[{"model": "api.customuser", "pk": 1, "fields": {"last_login": null, "is_superuser": false, "first_name": "", "last_name": "", "is_staff": false, "is_active": true, "email": "", "username": "qqq", "password": "pbkdf2_sha256$870000$1thkZIs2wDNKZQTPdUb3g1$thXl/23hwqrgFPB5+FIvpEU0icBHqI3Se4b/hDwYpJ0=", "phone_number": null, "privacy_policy_accepted": true, "is_online": true, "last_seen": "2025-03-07T14:05:56.998Z", "date_joined": "2025-03-07T10:44:45.663Z", "avatar": "avatars/user_1_Vasvclz.png", "is_2fa_enabled": false, "otp_secret": null, "groups": [], "user_permissions": [], "friends": []}}, {"model": "api.customuser", "pk": 2, "fields": {"last_login": null, "is_superuser": false, "first_name": "", "last_name": "", "is_staff": false, "is_active": true, "email": "", "username": "yyy", "password": "pbkdf2_sha256$870000$Oivwzj3dwD5OcWYU0jMWVo$gDxLalezT9D4vWE1K8FOkN3gfxJPPK3FDE689z/olj4=", "phone_number": null, "privacy_policy_accepted": true, "is_online": true, "last_seen": "2025-03-07T13:09:51.961Z", "date_joined": "2025-03-07T13:09:47.009Z", "avatar": "avatars/user_2_13NbM6G.png", "is_2fa_enabled": false, "otp_secret": null, "groups": [], "user_permissions": [], "friends": []}}, {"model": "api.player", "pk": 1, "fields": {"user": 1, "player": "qqq", "authenticated": false}}, {"model": "api.player", "pk": 2, "fields": {"user": null, "player": "Bot-AI", "authenticated": false}}, {"model": "api.player", "pk": 3, "fields": {"user": null, "player": "toto", "authenticated": false}}, {"model": "api.player", "pk": 4, "fields": {"user": null, "player": "tata", "authenticated": false}}, {"model": "api.player", "pk": 5, "fields": {"user": null, "player": "aaa", "authenticated": false}}, {"model": "api.player", "pk": 6, "fields": {"user": null, "player": "titi", "authenticated": false}}, {"model": "api.player", "pk": 7, "fields": {"user": 2, "player": "yyy", "authenticated": true}}, {"model": "api.player", "pk": 8, "fields": {"user": null, "player": "ttt", "authenticated": false}}, {"model": "api.player", "pk": 9, "fields": {"user": null, "player": "rrr", "authenticated": false}}, {"model": "api.player", "pk": 10, "fields": {"user": null, "player": "assd", "authenticated": false}}, {"model": "api.tournament", "pk": 1, "fields": {"tournament_name": "T1", "date": "2025-03-07", "number_of_games": 1, "points_to_win": 3, "is_finished": false, "is_finalized": false, "organizer": 1}}, {"model": "api.tournament", "pk": 2, "fields": {"tournament_name": "t1", "date": "2025-03-07", "number_of_games": 1, "points_to_win": 3, "is_finished": false, "is_finalized": true, "organizer": 1}}, {"model": "api.tournament", "pk": 3, "fields": {"tournament_name": "t3", "date": "2025-03-07", "number_of_games": 1, "points_to_win": 3, "is_finished": false, "is_finalized": true, "organizer": 1}}, {"model": "api.tournament", "pk": 4, "fields": {"tournament_name": "t4", "date": "2025-03-07", "number_of_games": 1, "points_to_win": 3, "is_finished": false, "is_finalized": false, "organizer": 1}}, {"model": "api.tournament", "pk": 5, "fields": {"tournament_name": "t4", "date": "2025-03-07", "number_of_games": 1, "points_to_win": 3, "is_finished": false, "is_finalized": false, "organizer": 1}}, {"model": "api.tournament", "pk": 6, "fields": {"tournament_name": "t4", "date": "2025-03-07", "number_of_games": 1, "points_to_win": 3, "is_finished": false, "is_finalized": false, "organizer": 1}}, {"model": "api.tournament", "pk": 7, "fields": {"tournament_name": "t55", "date": "2025-03-07", "number_of_games": 1, "points_to_win": 3, "is_finished": false, "is_finalized": false, "organizer": 1}}, {"model": "api.tournament", "pk": 8, "fields": {"tournament_name": "t54", "date": "2025-03-07", "number_of_games": 1, "points_to_win": 3, "is_finished": false, "is_finalized": false, "organizer": 1}}, {"model": "api.tournament", "pk": 9, "fields": {"tournament_name": "t44", "date": "2025-03-07", "number_of_games": 1, "points_to_win": 3, "is_finished": false, "is_finalized": false, "organizer": 1}}, {"model": "api.tournament", "pk": 10, "fields": {"tournament_name": "t43", "date": "2025-03-07", "number_of_games": 1, "points_to_win": 3, "is_finished": false, "is_finalized": false, "organizer": 1}}, {"model": "api.tournament", "pk": 11, "fields": {"tournament_name": "t44", "date": "2025-03-07", "number_of_games": 1, "points_to_win": 3, "is_finished": false, "is_finalized": false, "organizer": 1}}, {"model": "api.tournament", "pk": 12, "fields": {"tournament_name": "t111", "date": "2025-03-07", "number_of_games": 1, "points_to_win": 3, "is_finished": false, "is_finalized": false, "organizer": 1}}, {"model": "api.tournament", "pk": 13, "fields": {"tournament_name": "t23", "date": "2025-03-07", "number_of_games": 1, "points_to_win": 3, "is_finished": false, "is_finalized": true, "organizer": 1}}, {"model": "api.tournament", "pk": 15, "fields": {"tournament_name": "t5544", "date": "2025-03-07", "number_of_games": 1, "points_to_win": 3, "is_finished": true, "is_finalized": true, "organizer": 1}}, {"model": "api.tournament", "pk": 17, "fields": {"tournament_name": "t112233", "date": "2025-03-07", "number_of_games": 1, "points_to_win": 3, "is_finished": true, "is_finalized": true, "organizer": 1}}, {"model": "api.tournament", "pk": 18, "fields": {"tournament_name": "tounoi", "date": "2025-03-07", "number_of_games": 1, "points_to_win": 3, "is_finished": true, "is_finalized": true, "organizer": 1}}, {"model": "api.tournament", "pk": 23, "fields": {"tournament_name": "ttt", "date": "2025-03-07", "number_of_games": 1, "points_to_win": 3, "is_finished": false, "is_finalized": true, "organizer": 1}}, {"model": "api.tournament", "pk": 24, "fields": {"tournament_name": "test", "date": "2025-03-07", "number_of_games": 1, "points_to_win": 3, "is_finished": false, "is_finalized": true, "organizer": 1}}, {"model": "api.tournament", "pk": 25, "fields": {"tournament_name": "uers", "date": "2025-03-07", "number_of_games": 1, "points_to_win": 3, "is_finished": false, "is_finalized": false, "organizer": 1}}, {"model": "api.tournament", "pk": 26, "fields": {"tournament_name": "t67", "date": "2025-03-07", "number_of_games": 1, "points_to_win": 3, "is_finished": false, "is_finalized": false, "organizer": 1}}, {"model": "api.tournament", "pk": 27, "fields": {"tournament_name": "t554", "date": "2025-03-07", "number_of_games": 1, "points_to_win": 3, "is_finished": false, "is_finalized": false, "organizer": 1}}, {"model": "api.tournament", "pk": 28, "fields": {"tournament_name": "t55", "date": "2025-03-07", "number_of_games": 1, "points_to_win": 3, "is_finished": false, "is_finalized": false, "organizer": 1}}, {"model": "api.tournament", "pk": 29, "fields": {"tournament_name": "ttt", "date": "2025-03-07", "number_of_games": 1, "points_to_win": 3, "is_finished": false, "is_finalized": false, "organizer": 1}}, {"model": "api.tournament", "pk": 30, "fields": {"tournament_name": "adda", "date": "2025-03-07", "number_of_games": 1, "points_to_win": 3, "is_finished": false, "is_finalized": false, "organizer": 1}}, {"model": "api.tournament", "pk": 31, "fields": {"tournament_name": "sdsad", "date": "2025-03-07", "number_of_games": 1, "points_to_win": 3, "is_finished": false, "is_finalized": true, "organizer": 1}}, {"model": "api.tournament", "pk": 32, "fields": {"tournament_name": "asdsd", "date": "2025-03-07", "number_of_games": 1, "points_to_win": 3, "is_finished": false, "is_finalized": false, "organizer": 1}}, {"model": "api.tournament", "pk": 33, "fields": {"tournament_name": "asdasd", "date": "2025-03-07", "number_of_games": 1, "points_to_win": 3, "is_finished": false, "is_finalized": false, "organizer": 1}}, {"model": "api.tournament", "pk": 34, "fields": {"tournament_name": "adssd", "date": "2025-03-07", "number_of_games": 1, "points_to_win": 3, "is_finished": false, "is_finalized": false, "organizer": 1}}, {"model": "api.tournament", "pk": 35, "fields": {"tournament_name": "asdsad", "date": "2025-03-07", "number_of_games": 1, "points_to_win": 3, "is_finished": false, "is_finalized": true, "organizer": 1}}, {"model": "api.tournament", "pk": 36, "fields": {"tournament_name": "asdasd", "date": "2025-03-07", "number_of_games": 1, "points_to_win": 3, "is_finished": false, "is_finalized": false, "organizer": 1}}, {"model": "api.tournament", "pk": 37, "fields": {"tournament_name": "asdsad", "date": "2025-03-07", "number_of_games": 1, "points_to_win": 3, "is_finished": true, "is_finalized": true, "organizer": 1}}, {"model": "api.tournamentplayer", "pk": 1, "fields": {"player": 1, "tournament": 2, "authenticated": true, "guest": false}}, {"model": "api.tournamentplayer", "pk": 3, "fields": {"player": 4, "tournament": 2, "authenticated": false, "guest": true}}, {"model": "api.tournamentplayer", "pk": 4, "fields": {"player": 1, "tournament": 3, "authenticated": true, "guest": false}}, {"model": "api.tournamentplayer", "pk": 5, "fields": {"player": 3, "tournament": 3, "authenticated": false, "guest": true}}, {"model": "api.tournamentplayer", "pk": 6, "fields": {"player": 4, "tournament": 3, "authenticated": false, "guest": true}}, {"model": "api.tournamentplayer", "pk": 7, "fields": {"player": 1, "tournament": 4, "authenticated": true, "guest": false}}, {"model": "api.tournamentplayer", "pk": 8, "fields": {"player": 1, "tournament": 5, "authenticated": true, "guest": false}}, {"model": "api.tournamentplayer", "pk": 9, "fields": {"player": 1, "tournament": 6, "authenticated": true, "guest": false}}, {"model": "api.tournamentplayer", "pk": 10, "fields": {"player": 1, "tournament": 7, "authenticated": true, "guest": false}}, {"model": "api.tournamentplayer", "pk": 11, "fields": {"player": 1, "tournament": 8, "authenticated": true, "guest": false}}, {"model": "api.tournamentplayer", "pk": 12, "fields": {"player": 1, "tournament": 9, "authenticated": true, "guest": false}}, {"model": "api.tournamentplayer", "pk": 13, "fields": {"player": 1, "tournament": 10, "authenticated": true, "guest": false}}, {"model": "api.tournamentplayer", "pk": 14, "fields": {"player": 1, "tournament": 11, "authenticated": true, "guest": false}}, {"model": "api.tournamentplayer", "pk": 15, "fields": {"player": 1, "tournament": 12, "authenticated": true, "guest": false}}, {"model": "api.tournamentplayer", "pk": 16, "fields": {"player": 1, "tournament": 13, "authenticated": true, "guest": false}}, {"model": "api.tournamentplayer", "pk": 17, "fields": {"player": 1, "tournament": 13, "authenticated": true, "guest": false}}, {"model": "api.tournamentplayer", "pk": 18, "fields": {"player": 3, "tournament": 13, "authenticated": false, "guest": true}}, {"model": "api.tournamentplayer", "pk": 19, "fields": {"player": 4, "tournament": 13, "authenticated": false, "guest": true}}, {"model": "api.tournamentplayer", "pk": 23, "fields": {"player": 1, "tournament": 15, "authenticated": true, "guest": false}}, {"model": "api.tournamentplayer", "pk": 24, "fields": {"player": 3, "tournament": 15, "authenticated": false, "guest": true}}, {"model": "api.tournamentplayer", "pk": 28, "fields": {"player": 1, "tournament": 17, "authenticated": true, "guest": false}}, {"model": "api.tournamentplayer", "pk": 29, "fields": {"player": 3, "tournament": 17, "authenticated": false, "guest": true}}, {"model": "api.tournamentplayer", "pk": 31, "fields": {"player": 1, "tournament": 18, "authenticated": true, "guest": false}}, {"model": "api.tournamentplayer", "pk": 32, "fields": {"player": 3, "tournament": 18, "authenticated": false, "guest": true}}, {"model": "api.tournamentplayer", "pk": 42, "fields": {"player": 1, "tournament": 23, "authenticated": true, "guest": false}}, {"model": "api.tournamentplayer", "pk": 43, "fields": {"player": 5, "tournament": 23, "authenticated": false, "guest": true}}, {"model": "api.tournamentplayer", "pk": 44, "fields": {"player": 3, "tournament": 23, "authenticated": false, "guest": true}}, {"model": "api.tournamentplayer", "pk": 45, "fields": {"player": 6, "tournament": 23, "authenticated": false, "guest": true}}, {"model": "api.tournamentplayer", "pk": 46, "fields": {"player": 1, "tournament": 24, "authenticated": true, "guest": false}}, {"model": "api.tournamentplayer", "pk": 47, "fields": {"player": 8, "tournament": 24, "authenticated": false, "guest": true}}, {"model": "api.tournamentplayer", "pk": 48, "fields": {"player": 9, "tournament": 24, "authenticated": false, "guest": true}}, {"model": "api.tournamentplayer", "pk": 49, "fields": {"player": 1, "tournament": 25, "authenticated": true, "guest": false}}, {"model": "api.tournamentplayer", "pk": 50, "fields": {"player": 1, "tournament": 26, "authenticated": true, "guest": false}}, {"model": "api.tournamentplayer", "pk": 51, "fields": {"player": 1, "tournament": 27, "authenticated": true, "guest": false}}, {"model": "api.tournamentplayer", "pk": 52, "fields": {"player": 1, "tournament": 28, "authenticated": true, "guest": false}}, {"model": "api.tournamentplayer", "pk": 53, "fields": {"player": 1, "tournament": 29, "authenticated": true, "guest": false}}, {"model": "api.tournamentplayer", "pk": 54, "fields": {"player": 1, "tournament": 30, "authenticated": true, "guest": false}}, {"model": "api.tournamentplayer", "pk": 55, "fields": {"player": 1, "tournament": 31, "authenticated": true, "guest": false}}, {"model": "api.tournamentplayer", "pk": 56, "fields": {"player": 5, "tournament": 31, "authenticated": false, "guest": false}}, {"model": "api.tournamentplayer", "pk": 57, "fields": {"player": 1, "tournament": 32, "authenticated": true, "guest": false}}, {"model": "api.tournamentplayer", "pk": 58, "fields": {"player": 1, "tournament": 33, "authenticated": true, "guest": false}}, {"model": "api.tournamentplayer", "pk": 59, "fields": {"player": 1, "tournament": 34, "authenticated": true, "guest": false}}, {"model": "api.tournamentplayer", "pk": 60, "fields": {"player": 1, "tournament": 35, "authenticated": true, "guest": false}}, {"model": "api.tournamentplayer", "pk": 61, "fields": {"player": 5, "tournament": 35, "authenticated": false, "guest": true}}, {"model": "api.tournamentplayer", "pk": 62, "fields": {"player": 8, "tournament": 35, "authenticated": false, "guest": true}}, {"model": "api.tournamentplayer", "pk": 63, "fields": {"player": 1, "tournament": 36, "authenticated": true, "guest": false}}, {"model": "api.tournamentplayer", "pk": 64, "fields": {"player": 1, "tournament": 37, "authenticated": true, "guest": false}}, {"model": "api.tournamentplayer", "pk": 65, "fields": {"player": 7, "tournament": 37, "authenticated": true, "guest": false}}, {"model": "api.tournamentplayer", "pk": 66, "fields": {"player": 10, "tournament": 37, "authenticated": false, "guest": true}}, {"model": "api.pongmatch", "pk": 1, "fields": {"user1": null, "user2": null, "player1": 1, "player2": 2, "sets_to_win": 1, "points_per_set": 3, "player1_sets_won": 0, "player2_sets_won": 1, "winner": 2, "date_played": "2025-03-07T10:45:12.859Z", "is_tournament_match": false, "tournament": null}}, {"model": "api.pongmatch", "pk": 3, "fields": {"user1": 1, "user2": null, "player1": 1, "player2": 4, "sets_to_win": 1, "points_per_set": 3, "player1_sets_won": 0, "player2_sets_won": 0, "winner": null, "date_played": "2025-03-07T10:48:05.760Z", "is_tournament_match": true, "tournament": 2}}, {"model": "api.pongmatch", "pk": 5, "fields": {"user1": 1, "user2": null, "player1": 1, "player2": 3, "sets_to_win": 1, "points_per_set": 3, "player1_sets_won": 0, "player2_sets_won": 0, "winner": null, "date_played": "2025-03-07T10:53:23.507Z", "is_tournament_match": true, "tournament": 3}}, {"model": "api.pongmatch", "pk": 6, "fields": {"user1": 1, "user2": null, "player1": 1, "player2": 4, "sets_to_win": 1, "points_per_set": 3, "player1_sets_won": 0, "player2_sets_won": 0, "winner": null, "date_played": "2025-03-07T10:53:23.509Z", "is_tournament_match": true, "tournament": 3}}, {"model": "api.pongmatch", "pk": 7, "fields": {"user1": null, "user2": null, "player1": 3, "player2": 4, "sets_to_win": 1, "points_per_set": 3, "player1_sets_won": 0, "player2_sets_won": 0, "winner": null, "date_played": "2025-03-07T10:53:23.510Z", "is_tournament_match": true, "tournament": 3}}, {"model": "api.pongmatch", "pk": 8, "fields": {"user1": 1, "user2": 1, "player1": 1, "player2": 1, "sets_to_win": 1, "points_per_set": 3, "player1_sets_won": 0, "player2_sets_won": 0, "winner": null, "date_played": "2025-03-07T11:24:28.095Z", "is_tournament_match": true, "tournament": 13}}, {"model": "api.pongmatch", "pk": 9, "fields": {"user1": 1, "user2": null, "player1": 1, "player2": 3, "sets_to_win": 1, "points_per_set": 3, "player1_sets_won": 0, "player2_sets_won": 0, "winner": null, "date_played": "2025-03-07T11:24:28.097Z", "is_tournament_match": true, "tournament": 13}}, {"model": "api.pongmatch", "pk": 10, "fields": {"user1": 1, "user2": null, "player1": 1, "player2": 4, "sets_to_win": 1, "points_per_set": 3, "player1_sets_won": 0, "player2_sets_won": 0, "winner": null, "date_played": "2025-03-07T11:24:28.098Z", "is_tournament_match": true, "tournament": 13}}, {"model": "api.pongmatch", "pk": 11, "fields": {"user1": 1, "user2": null, "player1": 1, "player2": 3, "sets_to_win": 1, "points_per_set": 3, "player1_sets_won": 0, "player2_sets_won": 0, "winner": null, "date_played": "2025-03-07T11:24:28.100Z", "is_tournament_match": true, "tournament": 13}}, {"model": "api.pongmatch", "pk": 12, "fields": {"user1": 1, "user2": null, "player1": 1, "player2": 4, "sets_to_win": 1, "points_per_set": 3, "player1_sets_won": 0, "player2_sets_won": 0, "winner": null, "date_played": "2025-03-07T11:24:28.101Z", "is_tournament_match": true, "tournament": 13}}, {"model": "api.pongmatch", "pk": 13, "fields": {"user1": null, "user2": null, "player1": 3, "player2": 4, "sets_to_win": 1, "points_per_set": 3, "player1_sets_won": 0, "player2_sets_won": 0, "winner": null, "date_played": "2025-03-07T11:24:28.103Z", "is_tournament_match": true, "tournament": 13}}, {"model": "api.pongmatch", "pk": 17, "fields": {"user1": 1, "user2": null, "player1": 1, "player2": 3, "sets_to_win": 1, "points_per_set": 3, "player1_sets_won": 0, "player2_sets_won": 1, "winner": 3, "date_played": "2025-03-07T11:54:31.797Z", "is_tournament_match": true, "tournament": 15}}, {"model": "api.pongmatch", "pk": 21, "fields": {"user1": 1, "user2": null, "player1": 1, "player2": 3, "sets_to_win": 1, "points_per_set": 3, "player1_sets_won": 1, "player2_sets_won": 0, "winner": 1, "date_played": "2025-03-07T12:11:37.053Z", "is_tournament_match": true, "tournament": 17}}, {"model": "api.pongmatch", "pk": 24, "fields": {"user1": 1, "user2": null, "player1": 1, "player2": 3, "sets_to_win": 1, "points_per_set": 3, "player1_sets_won": 0, "player2_sets_won": 1, "winner": 3, "date_played": "2025-03-07T12:21:32.740Z", "is_tournament_match": true, "tournament": 18}}, {"model": "api.pongmatch", "pk": 31, "fields": {"user1": 1, "user2": null, "player1": 1, "player2": 5, "sets_to_win": 1, "points_per_set": 3, "player1_sets_won": 0, "player2_sets_won": 0, "winner": null, "date_played": "2025-03-07T13:08:22.974Z", "is_tournament_match": true, "tournament": 23}}, {"model": "api.pongmatch", "pk": 32, "fields": {"user1": 1, "user2": null, "player1": 1, "player2": 3, "sets_to_win": 1, "points_per_set": 3, "player1_sets_won": 0, "player2_sets_won": 0, "winner": null, "date_played": "2025-03-07T13:08:22.976Z", "is_tournament_match": true, "tournament": 23}}, {"model": "api.pongmatch", "pk": 33, "fields": {"user1": 1, "user2": null, "player1": 1, "player2": 6, "sets_to_win": 1, "points_per_set": 3, "player1_sets_won": 0, "player2_sets_won": 0, "winner": null, "date_played": "2025-03-07T13:08:22.978Z", "is_tournament_match": true, "tournament": 23}}, {"model": "api.pongmatch", "pk": 34, "fields": {"user1": null, "user2": null, "player1": 5, "player2": 3, "sets_to_win": 1, "points_per_set": 3, "player1_sets_won": 0, "player2_sets_won": 0, "winner": null, "date_played": "2025-03-07T13:08:22.979Z", "is_tournament_match": true, "tournament": 23}}, {"model": "api.pongmatch", "pk": 35, "fields": {"user1": null, "user2": null, "player1": 5, "player2": 6, "sets_to_win": 1, "points_per_set": 3, "player1_sets_won": 0, "player2_sets_won": 0, "winner": null, "date_played": "2025-03-07T13:08:22.981Z", "is_tournament_match": true, "tournament": 23}}, {"model": "api.pongmatch", "pk": 36, "fields": {"user1": null, "user2": null, "player1": 3, "player2": 6, "sets_to_win": 1, "points_per_set": 3, "player1_sets_won": 0, "player2_sets_won": 0, "winner": null, "date_played": "2025-03-07T13:08:22.982Z", "is_tournament_match": true, "tournament": 23}}, {"model": "api.pongmatch", "pk": 37, "fields": {"user1": 1, "user2": null, "player1": 1, "player2": 8, "sets_to_win": 1, "points_per_set": 3, "player1_sets_won": 0, "player2_sets_won": 0, "winner": null, "date_played": "2025-03-07T13:10:38.188Z", "is_tournament_match": true, "tournament": 24}}, {"model": "api.pongmatch", "pk": 38, "fields": {"user1": 1, "user2": null, "player1": 1, "player2": 9, "sets_to_win": 1, "points_per_set": 3, "player1_sets_won": 0, "player2_sets_won": 0, "winner": null, "date_played": "2025-03-07T13:10:38.191Z", "is_tournament_match": true, "tournament": 24}}, {"model": "api.pongmatch", "pk": 39, "fields": {"user1": null, "user2": null, "player1": 8, "player2": 9, "sets_to_win": 1, "points_per_set": 3, "player1_sets_won": 0, "player2_sets_won": 0, "winner": null, "date_played": "2025-03-07T13:10:38.193Z", "is_tournament_match": true, "tournament": 24}}, {"model": "api.pongmatch", "pk": 40, "fields": {"user1": 1, "user2": null, "player1": 1, "player2": 5, "sets_to_win": 1, "points_per_set": 3, "player1_sets_won": 0, "player2_sets_won": 0, "winner": null, "date_played": "2025-03-07T13:36:11.856Z", "is_tournament_match": true, "tournament": 31}}, {"model": "api.pongmatch", "pk": 41, "fields": {"user1": 1, "user2": null, "player1": 1, "player2": 5, "sets_to_win": 1, "points_per_set": 3, "player1_sets_won": 0, "player2_sets_won": 1, "winner": 5, "date_played": "2025-03-07T13:49:07.645Z", "is_tournament_match": true, "tournament": 35}}, {"model": "api.pongmatch", "pk": 42, "fields": {"user1": 1, "user2": null, "player1": 1, "player2": 8, "sets_to_win": 1, "points_per_set": 3, "player1_sets_won": 0, "player2_sets_won": 0, "winner": null, "date_played": "2025-03-07T13:49:07.649Z", "is_tournament_match": true, "tournament": 35}}, {"model": "api.pongmatch", "pk": 43, "fields": {"user1": null, "user2": null, "player1": 5, "player2": 8, "sets_to_win": 1, "points_per_set": 3, "player1_sets_won": 0, "player2_sets_won": 0, "winner": null, "date_played": "2025-03-07T13:49:07.650Z", "is_tournament_match": true, "tournament": 35}}, {"model": "api.pongmatch", "pk": 44, "fields": {"user1": 1, "user2": 2, "player1": 1, "player2": 7, "sets_to_win": 1, "points_per_set": 3, "player1_sets_won": 1, "player2_sets_won": 0, "winner": 1, "date_played": "2025-03-07T13:57:10.592Z", "is_tournament_match": true, "tournament": 37}}, {"model": "api.pongmatch", "pk": 45, "fields": {"user1": 1, "user2": null, "player1": 1, "player2": 10, "sets_to_win": 1, "points_per_set": 3, "player1_sets_won": 0, "player2_sets_won": 1, "winner": 10, "date_played": "2025-03-07T13:57:10.595Z", "is_tournament_match": true, "tournament": 37}}, {"model": "api.pongmatch", "pk": 46, "fields": {"user1": 2, "user2": null, "player1": 7, "player2": 10, "sets_to_win": 1, "points_per_set": 3, "player1_sets_won": 0, "player2_sets_won": 1, "winner": 10, "date_played": "2025-03-07T13:57:10.597Z", "is_tournament_match": true, "tournament": 37}}, {"model": "api.pongset", "pk": 1, "fields": {"match": 1, "set_number": 1, "player1_score": 0, "player2_score": 3, "exchanges": 1, "duration": 8.601}}, {"model": "api.pongset", "pk": 3, "fields": {"match": 17, "set_number": 1, "player1_score": 0, "player2_score": 3, "exchanges": 1, "duration": 5.662}}, {"model": "api.pongset", "pk": 5, "fields": {"match": 21, "set_number": 1, "player1_score": 3, "player2_score": 1, "exchanges": 0, "duration": 4.362}}, {"model": "api.pongset", "pk": 6, "fields": {"match": 24, "set_number": 1, "player1_score": 2, "player2_score": 3, "exchanges": 8, "duration": 20.761}}, {"model": "api.pongset", "pk": 7, "fields": {"match": 41, "set_number": 1, "player1_score": 0, "player2_score": 3, "exchanges": 0, "duration": 3.401}}, {"model": "api.pongset", "pk": 8, "fields": {"match": 44, "set_number": 1, "player1_score": 3, "player2_score": 1, "exchanges": 2, "duration": 9.721}}, {"model": "api.pongset", "pk": 9, "fields": {"match": 45, "set_number": 1, "player1_score": 0, "player2_score": 3, "exchanges": 0, "duration": 3.301}}, {"model": "api.pongset", "pk": 10, "fields": {"match": 46, "set_number": 1, "player1_score": 1, "player2_score": 3, "exchanges": 0, "duration": 4.343}}, {"model": "auth.permission", "pk": 1, "fields": {"name": "Can add user", "content_type": 1, "codename": "add_customuser"}}, {"model": "auth.permission", "pk": 2, "fields": {"name": "Can change user", "content_type": 1, "codename": "change_customuser"}}, {"model": "auth.permission", "pk": 3, "fields": {"name": "Can delete user", "content_type": 1, "codename": "delete_customuser"}}, {"model": "auth.permission", "pk": 4, "fields": {"name": "Can view user", "content_type": 1, "codename": "view_customuser"}}, {"model": "auth.permission", "pk": 5, "fields": {"name": "Can add notification", "content_type": 2, "codename": "add_notification"}}, {"model": "auth.permission", "pk": 6, "fields": {"name": "Can change notification", "content_type": 2, "codename": "change_notification"}}, {"model": "auth.permission", "pk": 7, "fields": {"name": "Can delete notification", "content_type": 2, "codename": "delete_notification"}}, {"model": "auth.permission", "pk": 8, "fields": {"name": "Can view notification", "content_type": 2, "codename": "view_notification"}}, {"model": "auth.permission", "pk": 9, "fields": {"name": "Can add player", "content_type": 3, "codename": "add_player"}}, {"model": "auth.permission", "pk": 10, "fields": {"name": "Can change player", "content_type": 3, "codename": "change_player"}}, {"model": "auth.permission", "pk": 11, "fields": {"name": "Can delete player", "content_type": 3, "codename": "delete_player"}}, {"model": "auth.permission", "pk": 12, "fields": {"name": "Can view player", "content_type": 3, "codename": "view_player"}}, {"model": "auth.permission", "pk": 13, "fields": {"name": "Can add pong match", "content_type": 4, "codename": "add_pongmatch"}}, {"model": "auth.permission", "pk": 14, "fields": {"name": "Can change pong match", "content_type": 4, "codename": "change_pongmatch"}}, {"model": "auth.permission", "pk": 15, "fields": {"name": "Can delete pong match", "content_type": 4, "codename": "delete_pongmatch"}}, {"model": "auth.permission", "pk": 16, "fields": {"name": "Can view pong match", "content_type": 4, "codename": "view_pongmatch"}}, {"model": "auth.permission", "pk": 17, "fields": {"name": "Can add pong set", "content_type": 5, "codename": "add_pongset"}}, {"model": "auth.permission", "pk": 18, "fields": {"name": "Can change pong set", "content_type": 5, "codename": "change_pongset"}}, {"model": "auth.permission", "pk": 19, "fields": {"name": "Can delete pong set", "content_type": 5, "codename": "delete_pongset"}}, {"model": "auth.permission", "pk": 20, "fields": {"name": "Can view pong set", "content_type": 5, "codename": "view_pongset"}}, {"model": "auth.permission", "pk": 21, "fields": {"name": "Can add tournament", "content_type": 6, "codename": "add_tournament"}}, {"model": "auth.permission", "pk": 22, "fields": {"name": "Can change tournament", "content_type": 6, "codename": "change_tournament"}}, {"model": "auth.permission", "pk": 23, "fields": {"name": "Can delete tournament", "content_type": 6, "codename": "delete_tournament"}}, {"model": "auth.permission", "pk": 24, "fields": {"name": "Can view tournament", "content_type": 6, "codename": "view_tournament"}}, {"model": "auth.permission", "pk": 25, "fields": {"name": "Can add tournament player", "content_type": 7, "codename": "add_tournamentplayer"}}, {"model": "auth.permission", "pk": 26, "fields": {"name": "Can change tournament player", "content_type": 7, "codename": "change_tournamentplayer"}}, {"model": "auth.permission", "pk": 27, "fields": {"name": "Can delete tournament player", "content_type": 7, "codename": "delete_tournamentplayer"}}, {"model": "auth.permission", "pk": 28, "fields": {"name": "Can view tournament player", "content_type": 7, "codename": "view_tournamentplayer"}}, {"model": "auth.permission", "pk": 29, "fields": {"name": "Can add friend request", "content_type": 8, "codename": "add_friendrequest"}}, {"model": "auth.permission", "pk": 30, "fields": {"name": "Can change friend request", "content_type": 8, "codename": "change_friendrequest"}}, {"model": "auth.permission", "pk": 31, "fields": {"name": "Can delete friend request", "content_type": 8, "codename": "delete_friendrequest"}}, {"model": "auth.permission", "pk": 32, "fields": {"name": "Can view friend request", "content_type": 8, "codename": "view_friendrequest"}}, {"model": "auth.permission", "pk": 33, "fields": {"name": "Can add log entry", "content_type": 9, "codename": "add_logentry"}}, {"model": "auth.permission", "pk": 34, "fields": {"name": "Can change log entry", "content_type": 9, "codename": "change_logentry"}}, {"model": "auth.permission", "pk": 35, "fields": {"name": "Can delete log entry", "content_type": 9, "codename": "delete_logentry"}}, {"model": "auth.permission", "pk": 36, "fields": {"name": "Can view log entry", "content_type": 9, "codename": "view_logentry"}}, {"model": "auth.permission", "pk": 37, "fields": {"name": "Can add permission", "content_type": 10, "codename": "add_permission"}}, {"model": "auth.permission", "pk": 38, "fields": {"name": "Can change permission", "content_type": 10, "codename": "change_permission"}}, {"model": "auth.permission", "pk": 39, "fields": {"name": "Can delete permission", "content_type": 10, "codename": "delete_permission"}}, {"model": "auth.permission", "pk": 40, "fields": {"name": "Can view permission", "content_type": 10, "codename": "view_permission"}}, {"model": "auth.permission", "pk": 41, "fields": {"name": "Can add group", "content_type": 11, "codename": "add_group"}}, {"model": "auth.permission", "pk": 42, "fields": {"name": "Can change group", "content_type": 11, "codename": "change_group"}}, {"model": "auth.permission", "pk": 43, "fields": {"name": "Can delete group", "content_type": 11, "codename": "delete_group"}}, {"model": "auth.permission", "pk": 44, "fields": {"name": "Can view group", "content_type": 11, "codename": "view_group"}}, {"model": "auth.permission", "pk": 45, "fields": {"name": "Can add content type", "content_type": 12, "codename": "add_contenttype"}}, {"model": "auth.permission", "pk": 46, "fields": {"name": "Can change content type", "content_type": 12, "codename": "change_contenttype"}}, {"model": "auth.permission", "pk": 47, "fields": {"name": "Can delete content type", "content_type": 12, "codename": "delete_contenttype"}}, {"model": "auth.permission", "pk": 48, "fields": {"name": "Can view content type", "content_type": 12, "codename": "view_contenttype"}}, {"model": "auth.permission", "pk": 49, "fields": {"name": "Can add session", "content_type": 13, "codename": "add_session"}}, {"model": "auth.permission", "pk": 50, "fields": {"name": "Can change session", "content_type": 13, "codename": "change_session"}}, {"model": "auth.permission", "pk": 51, "fields": {"name": "Can delete session", "content_type": 13, "codename": "delete_session"}}, {"model": "auth.permission", "pk": 52, "fields": {"name": "Can view session", "content_type": 13, "codename": "view_session"}}, {"model": "auth.permission", "pk": 53, "fields": {"name": "Can add blacklisted token", "content_type": 14, "codename": "add_blacklistedtoken"}}, {"model": "auth.permission", "pk": 54, "fields": {"name": "Can change blacklisted token", "content_type": 14, "codename": "change_blacklistedtoken"}}, {"model": "auth.permission", "pk": 55, "fields": {"name": "Can delete blacklisted token", "content_type": 14, "codename": "delete_blacklistedtoken"}}, {"model": "auth.permission", "pk": 56, "fields": {"name": "Can view blacklisted token", "content_type": 14, "codename": "view_blacklistedtoken"}}, {"model": "auth.permission", "pk": 57, "fields": {"name": "Can add outstanding token", "content_type": 15, "codename": "add_outstandingtoken"}}, {"model": "auth.permission", "pk": 58, "fields": {"name": "Can change outstanding token", "content_type": 15, "codename": "change_outstandingtoken"}}, {"model": "auth.permission", "pk": 59, "fields": {"name": "Can delete outstanding token", "content_type": 15, "codename": "delete_outstandingtoken"}}, {"model": "auth.permission", "pk": 60, "fields": {"name": "Can view outstanding token", "content_type": 15, "codename": "view_outstandingtoken"}}, {"model": "contenttypes.contenttype", "pk": 1, "fields": {"app_label": "api", "model": "customuser"}}, {"model": "contenttypes.contenttype", "pk": 2, "fields": {"app_label": "api", "model": "notification"}}, {"model": "contenttypes.contenttype", "pk": 3, "fields": {"app_label": "api", "model": "player"}}, {"model": "contenttypes.contenttype", "pk": 4, "fields": {"app_label": "api", "model": "pongmatch"}}, {"model": "contenttypes.contenttype", "pk": 5, "fields": {"app_label": "api", "model": "pongset"}}, {"model": "contenttypes.contenttype", "pk": 6, "fields": {"app_label": "api", "model": "tournament"}}, {"model": "contenttypes.contenttype", "pk": 7, "fields": {"app_label": "api", "model": "tournamentplayer"}}, {"model": "contenttypes.contenttype", "pk": 8, "fields": {"app_label": "api", "model": "friendrequest"}}, {"model": "contenttypes.contenttype", "pk": 9, "fields": {"app_label": "admin", "model": "logentry"}}, {"model": "contenttypes.contenttype", "pk": 10, "fields": {"app_label": "auth", "model": "permission"}}, {"model": "contenttypes.contenttype", "pk": 11, "fields": {"app_label": "auth", "model": "group"}}, {"model": "contenttypes.contenttype", "pk": 12, "fields": {"app_label": "contenttypes", "model": "contenttype"}}, {"model": "contenttypes.contenttype", "pk": 13, "fields": {"app_label": "sessions", "model": "session"}}, {"model": "contenttypes.contenttype", "pk": 14, "fields": {"app_label": "token_blacklist", "model": "blacklistedtoken"}}, {"model": "contenttypes.contenttype", "pk": 15, "fields": {"app_label": "token_blacklist", "model": "outstandingtoken"}}, {"model": "token_blacklist.outstandingtoken", "pk": 1, "fields": {"user": 1, "jti": "bfd065f607884017a3cc94e2b04b0706", "token": "eyJhbGciOiJIUzI1NiIsInR5cCI6IkpXVCJ9.eyJ0b2tlbl90eXBlIjoicmVmcmVzaCIsImV4cCI6MTc0MTk0OTA5MCwiaWF0IjoxNzQxMzQ0MjkwLCJqdGkiOiJiZmQwNjVmNjA3ODg0MDE3YTNjYzk0ZTJiMDRiMDcwNiIsInVzZXJfaWQiOjF9.6qvt03fmvFAO4m3diq5hRoz58zRMex8NJMunBuIQ2BU", "created_at": "2025-03-07T10:44:50.910Z", "expires_at": "2025-03-14T10:44:50Z"}}, {"model": "token_blacklist.outstandingtoken", "pk": 2, "fields": {"user": 1, "jti": "f1fb0bad82a444b5961821fedca10731", "token": "eyJhbGciOiJIUzI1NiIsInR5cCI6IkpXVCJ9.eyJ0b2tlbl90eXBlIjoicmVmcmVzaCIsImV4cCI6MTc0MTk0OTM5OSwiaWF0IjoxNzQxMzQ0NTk5LCJqdGkiOiJmMWZiMGJhZDgyYTQ0NGI1OTYxODIxZmVkY2ExMDczMSIsInVzZXJfaWQiOjF9.vthiwCvraTj3wqHWNT7hR4CPdPSsYDmq7LP8yn-O6Os", "created_at": "2025-03-07T10:49:59.664Z", "expires_at": "2025-03-14T10:49:59Z"}}, {"model": "token_blacklist.outstandingtoken", "pk": 3, "fields": {"user": 1, "jti": "41422e9f63d6442aba3524fb4bd789de", "token": "eyJhbGciOiJIUzI1NiIsInR5cCI6IkpXVCJ9.eyJ0b2tlbl90eXBlIjoicmVmcmVzaCIsImV4cCI6MTc0MTk0OTgxNiwiaWF0IjoxNzQxMzQ1MDE2LCJqdGkiOiI0MTQyMmU5ZjYzZDY0NDJhYmEzNTI0ZmI0YmQ3ODlkZSIsInVzZXJfaWQiOjF9.iId9rWPZd3wqrjmf4gYBq3KA9oWVjRrK3rz4dWPMU08", "created_at": "2025-03-07T10:56:56.075Z", "expires_at": "2025-03-14T10:56:56Z"}}, {"model": "token_blacklist.outstandingtoken", "pk": 4, "fields": {"user": 1, "jti": "6d3b820820644c5c842da404ae21c211", "token": "eyJhbGciOiJIUzI1NiIsInR5cCI6IkpXVCJ9.eyJ0b2tlbl90eXBlIjoicmVmcmVzaCIsImV4cCI6MTc0MTk0OTkxOSwiaWF0IjoxNzQxMzQ1MTE5LCJqdGkiOiI2ZDNiODIwODIwNjQ0YzVjODQyZGE0MDRhZTIxYzIxMSIsInVzZXJfaWQiOjF9.vzz6RMZ7u9t02FKeV3NUemAG6kkGuWO6-swD2C2nIpQ", "created_at": "2025-03-07T10:58:39.773Z", "expires_at": "2025-03-14T10:58:39Z"}}, {"model": "token_blacklist.outstandingtoken", "pk": 5, "fields": {"user": 1, "jti": "cc488eb24e33401f975ad3f671c54bfc", "token": "eyJhbGciOiJIUzI1NiIsInR5cCI6IkpXVCJ9.eyJ0b2tlbl90eXBlIjoicmVmcmVzaCIsImV4cCI6MTc0MTk0OTk1OSwiaWF0IjoxNzQxMzQ1MTU5LCJqdGkiOiJjYzQ4OGViMjRlMzM0MDFmOTc1YWQzZjY3MWM1NGJmYyIsInVzZXJfaWQiOjF9.jbunb2h-OXEFGxF5WQ2chiMxSsXmkGKe_5GE5DjupOQ", "created_at": "2025-03-07T10:59:19.489Z", "expires_at": "2025-03-14T10:59:19Z"}}, {"model": "token_blacklist.outstandingtoken", "pk": 6, "fields": {"user": null, "jti": "439933e51b0f41afb70521395182c7aa", "token": "eyJhbGciOiJIUzI1NiIsInR5cCI6IkpXVCJ9.eyJ0b2tlbl90eXBlIjoicmVmcmVzaCIsImV4cCI6MTc0MTk1MDIyNywiaWF0IjoxNzQxMzQ1NDI3LCJqdGkiOiI0Mzk5MzNlNTFiMGY0MWFmYjcwNTIxMzk1MTgyYzdhYSIsInVzZXJfaWQiOjF9.nPJ6SOj8JYYxmDrC6GxAg_f6CWjaFm7c60GHd5L-ftY", "created_at": null, "expires_at": "2025-03-14T11:03:47Z"}}, {"model": "token_blacklist.outstandingtoken", "pk": 7, "fields": {"user": null, "jti": "a339e2385b6244d0ae7895757c7bac9a", "token": "eyJhbGciOiJIUzI1NiIsInR5cCI6IkpXVCJ9.eyJ0b2tlbl90eXBlIjoicmVmcmVzaCIsImV4cCI6MTc0MTk1MDQ2NywiaWF0IjoxNzQxMzQ1NjY3LCJqdGkiOiJhMzM5ZTIzODViNjI0NGQwYWU3ODk1NzU3YzdiYWM5YSIsInVzZXJfaWQiOjF9.jDge2Balj5iRo6WajFs4nCULN7M_boZZhmv6dR0va2s", "created_at": null, "expires_at": "2025-03-14T11:07:47Z"}}, {"model": "token_blacklist.outstandingtoken", "pk": 8, "fields": {"user": 1, "jti": "aad1842cd59b4b82aa9976ff02cc9605", "token": "eyJhbGciOiJIUzI1NiIsInR5cCI6IkpXVCJ9.eyJ0b2tlbl90eXBlIjoicmVmcmVzaCIsImV4cCI6MTc0MTk1MTExOSwiaWF0IjoxNzQxMzQ2MzE5LCJqdGkiOiJhYWQxODQyY2Q1OWI0YjgyYWE5OTc2ZmYwMmNjOTYwNSIsInVzZXJfaWQiOjF9.z9yjIB_yzorWViATWC-NkboyVjYmhSGvJCuZUKjhcZE", "created_at": "2025-03-07T11:18:39.684Z", "expires_at": "2025-03-14T11:18:39Z"}}, {"model": "token_blacklist.outstandingtoken", "pk": 9, "fields": {"user": null, "jti": "60c71508e743420dbc6a1b5d4dc8f8fc", "token": "eyJhbGciOiJIUzI1NiIsInR5cCI6IkpXVCJ9.eyJ0b2tlbl90eXBlIjoicmVmcmVzaCIsImV4cCI6MTc0MTk1MTQ0NywiaWF0IjoxNzQxMzQ2NjQ3LCJqdGkiOiI2MGM3MTUwOGU3NDM0MjBkYmM2YTFiNWQ0ZGM4ZjhmYyIsInVzZXJfaWQiOjF9.UW1Rz-nMhZsYhXAJOe822HjxEhjKk8p3HZSH8oQe7zk", "created_at": null, "expires_at": "2025-03-14T11:24:07Z"}}, {"model": "token_blacklist.outstandingtoken", "pk": 10, "fields": {"user": null, "jti": "2a5dbd49c0724430b98e1a244bc1e82c", "token": "eyJhbGciOiJIUzI1NiIsInR5cCI6IkpXVCJ9.eyJ0b2tlbl90eXBlIjoicmVmcmVzaCIsImV4cCI6MTc0MTk1MTQ0NywiaWF0IjoxNzQxMzQ2NjQ3LCJqdGkiOiIyYTVkYmQ0OWMwNzI0NDMwYjk4ZTFhMjQ0YmMxZTgyYyIsInVzZXJfaWQiOjF9.mZj9S40d8p1YAAM9A-CTQiYBw0kglpOUKaMWiOkbUKg", "created_at": null, "expires_at": "2025-03-14T11:24:07Z"}}, {"model": "token_blacklist.outstandingtoken", "pk": 11, "fields": {"user": 1, "jti": "a14b84fa1a2343a1b5f78f7875e6ccba", "token": "eyJhbGciOiJIUzI1NiIsInR5cCI6IkpXVCJ9.eyJ0b2tlbl90eXBlIjoicmVmcmVzaCIsImV4cCI6MTc0MTk1MTgzOCwiaWF0IjoxNzQxMzQ3MDM4LCJqdGkiOiJhMTRiODRmYTFhMjM0M2ExYjVmNzhmNzg3NWU2Y2NiYSIsInVzZXJfaWQiOjF9.QOF0JVTsILk0aLP1mE9YYD0NE9gxedVISVCCK7ZzbTE", "created_at": "2025-03-07T11:30:38.709Z", "expires_at": "2025-03-14T11:30:38Z"}}, {"model": "token_blacklist.outstandingtoken", "pk": 12, "fields": {"user": null, "jti": "498957b5e5f84735bdf882c9e8449581", "token": "eyJhbGciOiJIUzI1NiIsInR5cCI6IkpXVCJ9.eyJ0b2tlbl90eXBlIjoicmVmcmVzaCIsImV4cCI6MTc0MTk1MjA3NiwiaWF0IjoxNzQxMzQ3Mjc2LCJqdGkiOiI0OTg5NTdiNWU1Zjg0NzM1YmRmODgyYzllODQ0OTU4MSIsInVzZXJfaWQiOjF9.KTt8WYWY2td9JpXpEj19_Ip3XIrvZWhR96COr9mzfeY", "created_at": null, "expires_at": "2025-03-14T11:34:36Z"}}, {"model": "token_blacklist.outstandingtoken", "pk": 13, "fields": {"user": 1, "jti": "6ca8ec704e944a36b102cd09b8a58466", "token": "eyJhbGciOiJIUzI1NiIsInR5cCI6IkpXVCJ9.eyJ0b2tlbl90eXBlIjoicmVmcmVzaCIsImV4cCI6MTc0MTk1MjUyMSwiaWF0IjoxNzQxMzQ3NzIxLCJqdGkiOiI2Y2E4ZWM3MDRlOTQ0YTM2YjEwMmNkMDliOGE1ODQ2NiIsInVzZXJfaWQiOjF9.q7MkEQrMVNrXC4JKdywO6lo3Coj_ji59MNSTyorEhI0", "created_at": "2025-03-07T11:42:01.835Z", "expires_at": "2025-03-14T11:42:01Z"}}, {"model": "token_blacklist.outstandingtoken", "pk": 14, "fields": {"user": null, "jti": "aac89bdb0e694996b60b95f293bd99fd", "token": "eyJhbGciOiJIUzI1NiIsInR5cCI6IkpXVCJ9.eyJ0b2tlbl90eXBlIjoicmVmcmVzaCIsImV4cCI6MTc0MTk1Mjg0NCwiaWF0IjoxNzQxMzQ4MDQ0LCJqdGkiOiJhYWM4OWJkYjBlNjk0OTk2YjYwYjk1ZjI5M2JkOTlmZCIsInVzZXJfaWQiOjF9.yEqKYJcSyIrK1y1hQBhqyTP6uZqfrRwTPP-Tviv1S8w", "created_at": null, "expires_at": "2025-03-14T11:47:24Z"}}, {"model": "token_blacklist.outstandingtoken", "pk": 15, "fields": {"user": 1, "jti": "85fd90aa92444b45b7f1fec4176bc681", "token": "eyJhbGciOiJIUzI1NiIsInR5cCI6IkpXVCJ9.eyJ0b2tlbl90eXBlIjoicmVmcmVzaCIsImV4cCI6MTc0MTk1MzI0OSwiaWF0IjoxNzQxMzQ4NDQ5LCJqdGkiOiI4NWZkOTBhYTkyNDQ0YjQ1YjdmMWZlYzQxNzZiYzY4MSIsInVzZXJfaWQiOjF9.yC6OPLdrR_kN37oK1zU7KdOON-iWuzFBYX8riTBdBOo", "created_at": "2025-03-07T11:54:09.595Z", "expires_at": "2025-03-14T11:54:09Z"}}, {"model": "token_blacklist.outstandingtoken", "pk": 16, "fields": {"user": 1, "jti": "1acdfb1c9a0046a78c4a102ef807d0ee", "token": "eyJhbGciOiJIUzI1NiIsInR5cCI6IkpXVCJ9.eyJ0b2tlbl90eXBlIjoicmVmcmVzaCIsImV4cCI6MTc0MTk1MzYwMiwiaWF0IjoxNzQxMzQ4ODAyLCJqdGkiOiIxYWNkZmIxYzlhMDA0NmE3OGM0YTEwMmVmODA3ZDBlZSIsInVzZXJfaWQiOjF9.yUOERApCuS9QevZhT8QYKs6uhpAOtu0jMjNbNnQq5As", "created_at": "2025-03-07T12:00:02.693Z", "expires_at": "2025-03-14T12:00:02Z"}}, {"model": "token_blacklist.outstandingtoken", "pk": 17, "fields": {"user": null, "jti": "258b2f1dc41d4f55bbe14b63f25a9bad", "token": "eyJhbGciOiJIUzI1NiIsInR5cCI6IkpXVCJ9.eyJ0b2tlbl90eXBlIjoicmVmcmVzaCIsImV4cCI6MTc0MTk1Mzg0MCwiaWF0IjoxNzQxMzQ5MDQwLCJqdGkiOiIyNThiMmYxZGM0MWQ0ZjU1YmJlMTRiNjNmMjVhOWJhZCIsInVzZXJfaWQiOjF9.1sVOo4jmnjkTidA3NIiGSn6WvZoqfd0bG7wdcluhYUs", "created_at": null, "expires_at": "2025-03-14T12:04:00Z"}}, {"model": "token_blacklist.outstandingtoken", "pk": 18, "fields": {"user": 1, "jti": "3396a04b44d6485db48ecf936dcbbaf1", "token": "eyJhbGciOiJIUzI1NiIsInR5cCI6IkpXVCJ9.eyJ0b2tlbl90eXBlIjoicmVmcmVzaCIsImV4cCI6MTc0MTk1NDI2MywiaWF0IjoxNzQxMzQ5NDYzLCJqdGkiOiIzMzk2YTA0YjQ0ZDY0ODVkYjQ4ZWNmOTM2ZGNiYmFmMSIsInVzZXJfaWQiOjF9.9iz1QUPVGsiV7JuVBkd6ELkg3LyZiXIO-Hj4_RaQDjk", "created_at": "2025-03-07T12:11:03.559Z", "expires_at": "2025-03-14T12:11:03Z"}}, {"model": "token_blacklist.outstandingtoken", "pk": 19, "fields": {"user": null, "jti": "8fc57800cb624d88988f3881f80e08a4", "token": "eyJhbGciOiJIUzI1NiIsInR5cCI6IkpXVCJ9.eyJ0b2tlbl90eXBlIjoicmVmcmVzaCIsImV4cCI6MTc0MTk1NDMxOSwiaWF0IjoxNzQxMzQ5NTE5LCJqdGkiOiI4ZmM1NzgwMGNiNjI0ZDg4OTg4ZjM4ODFmODBlMDhhNCIsInVzZXJfaWQiOjF9.ah-p9zYnW9iH3ewmYOU2b0zgTpd5lYDd05u4RmMPXYE", "created_at": null, "expires_at": "2025-03-14T12:11:59Z"}}, {"model": "token_blacklist.outstandingtoken", "pk": 20, "fields": {"user": null, "jti": "e81ce9b308f74f98ac9453d6fd4cb2b4", "token": "eyJhbGciOiJIUzI1NiIsInR5cCI6IkpXVCJ9.eyJ0b2tlbl90eXBlIjoicmVmcmVzaCIsImV4cCI6MTc0MTk1NDU2MCwiaWF0IjoxNzQxMzQ5NzYwLCJqdGkiOiJlODFjZTliMzA4Zjc0Zjk4YWM5NDUzZDZmZDRjYjJiNCIsInVzZXJfaWQiOjF9.v7pKRP21CcSBs1M8H2IYExrvGwaHBlBgzmXi1D3IIt0", "created_at": null, "expires_at": "2025-03-14T12:16:00Z"}}, {"model": "token_blacklist.outstandingtoken", "pk": 21, "fields": {"user": null, "jti": "d18af6d8e26d4da1861bddbcee0cf256", "token": "eyJhbGciOiJIUzI1NiIsInR5cCI6IkpXVCJ9.eyJ0b2tlbl90eXBlIjoicmVmcmVzaCIsImV4cCI6MTc0MTk1NDg2NiwiaWF0IjoxNzQxMzUwMDY2LCJqdGkiOiJkMThhZjZkOGUyNmQ0ZGExODYxYmRkYmNlZTBjZjI1NiIsInVzZXJfaWQiOjF9.gl7w5Nv2Sk4w0wHO0uW6W2nKhC9jvTFu35hZhQKsB_I", "created_at": null, "expires_at": "2025-03-14T12:21:06Z"}}, {"model": "token_blacklist.outstandingtoken", "pk": 22, "fields": {"user": null, "jti": "8cc3ade3ae4e4a88b34aa92afeba0697", "token": "eyJhbGciOiJIUzI1NiIsInR5cCI6IkpXVCJ9.eyJ0b2tlbl90eXBlIjoicmVmcmVzaCIsImV4cCI6MTc0MTk1NTIwNywiaWF0IjoxNzQxMzUwNDA3LCJqdGkiOiI4Y2MzYWRlM2FlNGU0YTg4YjM0YWE5MmFmZWJhMDY5NyIsInVzZXJfaWQiOjF9.wHgDhRgvJxpZzW937DIbJo2DN8OY3p1CieGaLTXOHz0", "created_at": null, "expires_at": "2025-03-14T12:26:47Z"}}, {"model": "token_blacklist.outstandingtoken", "pk": 23, "fields": {"user": null, "jti": "9f441dc19a8545bf85df8f7df24f6809", "token": "eyJhbGciOiJIUzI1NiIsInR5cCI6IkpXVCJ9.eyJ0b2tlbl90eXBlIjoicmVmcmVzaCIsImV4cCI6MTc0MTk1NTIwOCwiaWF0IjoxNzQxMzUwNDA4LCJqdGkiOiI5ZjQ0MWRjMTlhODU0NWJmODVkZjhmN2RmMjRmNjgwOSIsInVzZXJfaWQiOjF9.bo3AjeD4Kci1PM4zEGHl2ipTbNKCDufbUEunBnFJ5DY", "created_at": null, "expires_at": "2025-03-14T12:26:48Z"}}, {"model": "token_blacklist.outstandingtoken", "pk": 24, "fields": {"user": null, "jti": "50a8d19e47a341ddadcd05fcefa01b6f", "token": "eyJhbGciOiJIUzI1NiIsInR5cCI6IkpXVCJ9.eyJ0b2tlbl90eXBlIjoicmVmcmVzaCIsImV4cCI6MTc0MTk1NTYyMiwiaWF0IjoxNzQxMzUwODIyLCJqdGkiOiI1MGE4ZDE5ZTQ3YTM0MWRkYWRjZDA1ZmNlZmEwMWI2ZiIsInVzZXJfaWQiOjF9.s7OlXyP291HaplPT-8mkqLVn3lTKaWCeAVXLPja7yBg", "created_at": null, "expires_at": "2025-03-14T12:33:42Z"}}, {"model": "token_blacklist.outstandingtoken", "pk": 25, "fields": {"user": null, "jti": "705fb7f045424ead9a38f4188457478a", "token": "eyJhbGciOiJIUzI1NiIsInR5cCI6IkpXVCJ9.eyJ0b2tlbl90eXBlIjoicmVmcmVzaCIsImV4cCI6MTc0MTk1NTYyMiwiaWF0IjoxNzQxMzUwODIyLCJqdGkiOiI3MDVmYjdmMDQ1NDI0ZWFkOWEzOGY0MTg4NDU3NDc4YSIsInVzZXJfaWQiOjF9.US4R6FEaPN7yLmj4SFWXYzNGly_tOI0PwgcTafo62dA", "created_at": null, "expires_at": "2025-03-14T12:33:42Z"}}, {"model": "token_blacklist.outstandingtoken", "pk": 26, "fields": {"user": null, "jti": "00e98c8c61e24ba2846449e584449b00", "token": "eyJhbGciOiJIUzI1NiIsInR5cCI6IkpXVCJ9.eyJ0b2tlbl90eXBlIjoicmVmcmVzaCIsImV4cCI6MTc0MTk1NTg2MSwiaWF0IjoxNzQxMzUxMDYxLCJqdGkiOiIwMGU5OGM4YzYxZTI0YmEyODQ2NDQ5ZTU4NDQ0OWIwMCIsInVzZXJfaWQiOjF9.4HTeiXx5QslSHJZC2VbcAsMnRfDH-aagk_jdHMCNDyY", "created_at": null, "expires_at": "2025-03-14T12:37:41Z"}}, {"model": "token_blacklist.outstandingtoken", "pk": 27, "fields": {"user": null, "jti": "dfdb7e61d20d4ec08616cb2112967611", "token": "eyJhbGciOiJIUzI1NiIsInR5cCI6IkpXVCJ9.eyJ0b2tlbl90eXBlIjoicmVmcmVzaCIsImV4cCI6MTc0MTk1NjEwMSwiaWF0IjoxNzQxMzUxMzAxLCJqdGkiOiJkZmRiN2U2MWQyMGQ0ZWMwODYxNmNiMjExMjk2NzYxMSIsInVzZXJfaWQiOjF9.naGPZcuQxcQe4RFH6v8F7fCsvl3FCwy_fMkrQ66nyFI", "created_at": null, "expires_at": "2025-03-14T12:41:41Z"}}, {"model": "token_blacklist.outstandingtoken", "pk": 28, "fields": {"user": null, "jti": "6b4fb53f5e39431ebc8cda3382b8aaa8", "token": "eyJhbGciOiJIUzI1NiIsInR5cCI6IkpXVCJ9.eyJ0b2tlbl90eXBlIjoicmVmcmVzaCIsImV4cCI6MTc0MTk1NjM0MSwiaWF0IjoxNzQxMzUxNTQxLCJqdGkiOiI2YjRmYjUzZjVlMzk0MzFlYmM4Y2RhMzM4MmI4YWFhOCIsInVzZXJfaWQiOjF9.d9zXAA5N1UZXOgAuD4uEvQXXXe_nYgmhZfWUL8XBb6c", "created_at": null, "expires_at": "2025-03-14T12:45:41Z"}}, {"model": "token_blacklist.outstandingtoken", "pk": 29, "fields": {"user": null, "jti": "e61187140f4843c582aabc69e28af1b2", "token": "eyJhbGciOiJIUzI1NiIsInR5cCI6IkpXVCJ9.eyJ0b2tlbl90eXBlIjoicmVmcmVzaCIsImV4cCI6MTc0MTk1NjU4MSwiaWF0IjoxNzQxMzUxNzgxLCJqdGkiOiJlNjExODcxNDBmNDg0M2M1ODJhYWJjNjllMjhhZjFiMiIsInVzZXJfaWQiOjF9.kOyYmoja7LY8l0Zw7GsPhWeQxIBVz6EFnAYDFDfnfFE", "created_at": null, "expires_at": "2025-03-14T12:49:41Z"}}, {"model": "token_blacklist.outstandingtoken", "pk": 30, "fields": {"user": null, "jti": "0104adc57de34cb193fc98b646a97bd5", "token": "eyJhbGciOiJIUzI1NiIsInR5cCI6IkpXVCJ9.eyJ0b2tlbl90eXBlIjoicmVmcmVzaCIsImV4cCI6MTc0MTk1Njg3MCwiaWF0IjoxNzQxMzUyMDcwLCJqdGkiOiIwMTA0YWRjNTdkZTM0Y2IxOTNmYzk4YjY0NmE5N2JkNSIsInVzZXJfaWQiOjF9.nZMqlvXU9Hbz9iO_aJ1iYxnKRISpzUqxAVcOd5xIOws", "created_at": null, "expires_at": "2025-03-14T12:54:30Z"}}, {"model": "token_blacklist.outstandingtoken", "pk": 31, "fields": {"user": null, "jti": "d4086b9629634212a77d78df2315c0c2", "token": "eyJhbGciOiJIUzI1NiIsInR5cCI6IkpXVCJ9.eyJ0b2tlbl90eXBlIjoicmVmcmVzaCIsImV4cCI6MTc0MTk1NzExMCwiaWF0IjoxNzQxMzUyMzEwLCJqdGkiOiJkNDA4NmI5NjI5NjM0MjEyYTc3ZDc4ZGYyMzE1YzBjMiIsInVzZXJfaWQiOjF9.vhHnQt_FRPm-5LPfWOcoWz7qys88jdFsASmdwTBo0Jg", "created_at": null, "expires_at": "2025-03-14T12:58:30Z"}}, {"model": "token_blacklist.outstandingtoken", "pk": 32, "fields": {"user": null, "jti": "bb252cdeb13d45d681de0bcd7b32f257", "token": "eyJhbGciOiJIUzI1NiIsInR5cCI6IkpXVCJ9.eyJ0b2tlbl90eXBlIjoicmVmcmVzaCIsImV4cCI6MTc0MTk1NzMyMiwiaWF0IjoxNzQxMzUyNTIyLCJqdGkiOiJiYjI1MmNkZWIxM2Q0NWQ2ODFkZTBiY2Q3YjMyZjI1NyIsInVzZXJfaWQiOjF9.W7GxWt5NJRiyFjeRoEPUhXO0FcX1FgPv9AJgv6j4234", "created_at": null, "expires_at": "2025-03-14T13:02:02Z"}}, {"model": "token_blacklist.outstandingtoken", "pk": 33, "fields": {"user": null, "jti": "7de59cb4cc904fee88c9f9009ff646bf", "token": "eyJhbGciOiJIUzI1NiIsInR5cCI6IkpXVCJ9.eyJ0b2tlbl90eXBlIjoicmVmcmVzaCIsImV4cCI6MTc0MTk1NzU5MSwiaWF0IjoxNzQxMzUyNzkxLCJqdGkiOiI3ZGU1OWNiNGNjOTA0ZmVlODhjOWY5MDA5ZmY2NDZiZiIsInVzZXJfaWQiOjF9.A1E9Sby1tlVfCAmL5nssgWj5ZIUlOIiM6WRNdyaQrJ0", "created_at": null, "expires_at": "2025-03-14T13:06:31Z"}}, {"model": "token_blacklist.outstandingtoken", "pk": 34, "fields": {"user": 2, "jti": "77bf60d19e6a4e9380745dd9a86b1e8c", "token": "eyJhbGciOiJIUzI1NiIsInR5cCI6IkpXVCJ9.eyJ0b2tlbl90eXBlIjoicmVmcmVzaCIsImV4cCI6MTc0MTk1Nzc5MSwiaWF0IjoxNzQxMzUyOTkxLCJqdGkiOiI3N2JmNjBkMTllNmE0ZTkzODA3NDVkZDlhODZiMWU4YyIsInVzZXJfaWQiOjJ9.5Vq2B-e-Q4zx7pdG3UNYuhFpGt6AzaJn2v2TzV6f3sE", "created_at": "2025-03-07T13:09:51.959Z", "expires_at": "2025-03-14T13:09:51Z"}}, {"model": "token_blacklist.outstandingtoken", "pk": 35, "fields": {"user": null, "jti": "4b5b8ccc6a9d47abb2ab46d2ed5670dc", "token": "eyJhbGciOiJIUzI1NiIsInR5cCI6IkpXVCJ9.eyJ0b2tlbl90eXBlIjoicmVmcmVzaCIsImV4cCI6MTc0MTk1Nzc4MSwiaWF0IjoxNzQxMzUyOTgxLCJqdGkiOiI0YjViOGNjYzZhOWQ0N2FiYjJhYjQ2ZDJlZDU2NzBkYyIsInVzZXJfaWQiOjF9.wDt_-7NFFhdFQVlGu03nsZmMV4BtwCPvNfD_QG9nhZo", "created_at": null, "expires_at": "2025-03-14T13:09:41Z"}}, {"model": "token_blacklist.outstandingtoken", "pk": 36, "fields": {"user": null, "jti": "75e50bbe29794db393228ea58d6b7c1b", "token": "eyJhbGciOiJIUzI1NiIsInR5cCI6IkpXVCJ9.eyJ0b2tlbl90eXBlIjoicmVmcmVzaCIsImV4cCI6MTc0MTk1ODAxNSwiaWF0IjoxNzQxMzUzMjE1LCJqdGkiOiI3NWU1MGJiZTI5Nzk0ZGIzOTMyMjhlYTU4ZDZiN2MxYiIsInVzZXJfaWQiOjJ9.xhYBVHAVXEftXFnz4Qrutiaz2jJCXo7G3cjG_4GvdNk", "created_at": null, "expires_at": "2025-03-14T13:13:35Z"}}, {"model": "token_blacklist.outstandingtoken", "pk": 37, "fields": {"user": 1, "jti": "88c7ff0fbec0472794d4dd925d2347ee", "token": "eyJhbGciOiJIUzI1NiIsInR5cCI6IkpXVCJ9.eyJ0b2tlbl90eXBlIjoicmVmcmVzaCIsImV4cCI6MTc0MTk1ODMyNCwiaWF0IjoxNzQxMzUzNTI0LCJqdGkiOiI4OGM3ZmYwZmJlYzA0NzI3OTRkNGRkOTI1ZDIzNDdlZSIsInVzZXJfaWQiOjF9.DW4ewcMtCzDyuNmvJ97mlnFTnHAPg3Hil0RqQ1Urp-Y", "created_at": "2025-03-07T13:18:44.592Z", "expires_at": "2025-03-14T13:18:44Z"}}, {"model": "token_blacklist.outstandingtoken", "pk": 38, "fields": {"user": 1, "jti": "6ead1bce550143eb98caa216bdd7ca0c", "token": "eyJhbGciOiJIUzI1NiIsInR5cCI6IkpXVCJ9.eyJ0b2tlbl90eXBlIjoicmVmcmVzaCIsImV4cCI6MTc0MTk1ODQ5MCwiaWF0IjoxNzQxMzUzNjkwLCJqdGkiOiI2ZWFkMWJjZTU1MDE0M2ViOThjYWEyMTZiZGQ3Y2EwYyIsInVzZXJfaWQiOjF9.yrHJz-Nq1rsR0DGkClA-Ak_vY7fbi_dCv0iuqNQ7I68", "created_at": "2025-03-07T13:21:30.969Z", "expires_at": "2025-03-14T13:21:30Z"}}, {"model": "token_blacklist.outstandingtoken", "pk": 39, "fields": {"user": null, "jti": "57b49b7c5cd34ed6b64ad7de71e794aa", "token": "eyJhbGciOiJIUzI1NiIsInR5cCI6IkpXVCJ9.eyJ0b2tlbl90eXBlIjoicmVmcmVzaCIsImV4cCI6MTc0MTk1ODI1NSwiaWF0IjoxNzQxMzUzNDU1LCJqdGkiOiI1N2I0OWI3YzVjZDM0ZWQ2YjY0YWQ3ZGU3MWU3OTRhYSIsInVzZXJfaWQiOjJ9.P7brrSVThNDxhp5sBemujYzeq3fMEb2MTja7zf-dMUg", "created_at": null, "expires_at": "2025-03-14T13:17:35Z"}}, {"model": "token_blacklist.outstandingtoken", "pk": 40, "fields": {"user": null, "jti": "13a95cf4b12c4118b212143ecf374c0c", "token": "eyJhbGciOiJIUzI1NiIsInR5cCI6IkpXVCJ9.eyJ0b2tlbl90eXBlIjoicmVmcmVzaCIsImV4cCI6MTc0MTk1ODQ5NSwiaWF0IjoxNzQxMzUzNjk1LCJqdGkiOiIxM2E5NWNmNGIxMmM0MTE4YjIxMjE0M2VjZjM3NGMwYyIsInVzZXJfaWQiOjJ9.Vx6nPrKr9nZlO1KVP9dbDdyahBMIEay1GYDyA7w36G4", "created_at": null, "expires_at": "2025-03-14T13:21:35Z"}}, {"model": "token_blacklist.outstandingtoken", "pk": 41, "fields": {"user": null, "jti": "8307435279734870b4da3bb2df853b23", "token": "eyJhbGciOiJIUzI1NiIsInR5cCI6IkpXVCJ9.eyJ0b2tlbl90eXBlIjoicmVmcmVzaCIsImV4cCI6MTc0MTk1ODczNSwiaWF0IjoxNzQxMzUzOTM1LCJqdGkiOiI4MzA3NDM1Mjc5NzM0ODcwYjRkYTNiYjJkZjg1M2IyMyIsInVzZXJfaWQiOjJ9.jfvsW7Bf6XlwHXH5fE0DdBQHjmvK-nIm49dyXBe6CIo", "created_at": null, "expires_at": "2025-03-14T13:25:35Z"}}, {"model": "token_blacklist.outstandingtoken", "pk": 42, "fields": {"user": null, "jti": "712765c8b1d245e794588acbd4221b65", "token": "eyJhbGciOiJIUzI1NiIsInR5cCI6IkpXVCJ9.eyJ0b2tlbl90eXBlIjoicmVmcmVzaCIsImV4cCI6MTc0MTk1ODc3NCwiaWF0IjoxNzQxMzUzOTc0LCJqdGkiOiI3MTI3NjVjOGIxZDI0NWU3OTQ1ODhhY2JkNDIyMWI2NSIsInVzZXJfaWQiOjF9.BeY1swddnhlguSDNnWwmPjHTWR1POu3rNXSiFp2quis", "created_at": null, "expires_at": "2025-03-14T13:26:14Z"}}, {"model": "token_blacklist.outstandingtoken", "pk": 43, "fields": {"user": null, "jti": "bcc87c3fa7fe46b6a996fc97dc73c03c", "token": "eyJhbGciOiJIUzI1NiIsInR5cCI6IkpXVCJ9.eyJ0b2tlbl90eXBlIjoicmVmcmVzaCIsImV4cCI6MTc0MTk1ODk3NSwiaWF0IjoxNzQxMzU0MTc1LCJqdGkiOiJiY2M4N2MzZmE3ZmU0NmI2YTk5NmZjOTdkYzczYzAzYyIsInVzZXJfaWQiOjJ9.Nu76EkWhAVAqblalSYegrPxhwDHXZ5LxVNSWW5o38Ak", "created_at": null, "expires_at": "2025-03-14T13:29:35Z"}}, {"model": "token_blacklist.outstandingtoken", "pk": 44, "fields": {"user": null, "jti": "d08964e94c204f829b6b611fd25d59c9", "token": "eyJhbGciOiJIUzI1NiIsInR5cCI6IkpXVCJ9.eyJ0b2tlbl90eXBlIjoicmVmcmVzaCIsImV4cCI6MTc0MTk1OTAxNCwiaWF0IjoxNzQxMzU0MjE0LCJqdGkiOiJkMDg5NjRlOTRjMjA0ZjgyOWI2YjYxMWZkMjVkNTljOSIsInVzZXJfaWQiOjF9.Y1rrW5Xazu2afbBRlI5NBbZIuXl2Ja4EARFWBlQv4YU", "created_at": null, "expires_at": "2025-03-14T13:30:14Z"}}, {"model": "token_blacklist.outstandingtoken", "pk": 45, "fields": {"user": null, "jti": "6f5df820bd5e44f8a00be20f60d0d1b8", "token": "eyJhbGciOiJIUzI1NiIsInR5cCI6IkpXVCJ9.eyJ0b2tlbl90eXBlIjoicmVmcmVzaCIsImV4cCI6MTc0MTk1OTIxNSwiaWF0IjoxNzQxMzU0NDE1LCJqdGkiOiI2ZjVkZjgyMGJkNWU0NGY4YTAwYmUyMGY2MGQwZDFiOCIsInVzZXJfaWQiOjJ9.zFvI_zVzs74k-aLPyrFDGKRZzisSih9kWMuW7FkgG74", "created_at": null, "expires_at": "2025-03-14T13:33:35Z"}}, {"model": "token_blacklist.outstandingtoken", "pk": 46, "fields": {"user": 1, "jti": "40944edf6181475a8d514d3d68d2254c", "token": "eyJhbGciOiJIUzI1NiIsInR5cCI6IkpXVCJ9.eyJ0b2tlbl90eXBlIjoicmVmcmVzaCIsImV4cCI6MTc0MTk1OTU3NSwiaWF0IjoxNzQxMzU0Nzc1LCJqdGkiOiI0MDk0NGVkZjYxODE0NzVhOGQ1MTRkM2Q2OGQyMjU0YyIsInVzZXJfaWQiOjF9.UetIQUU07dyA6hJhysjxa0svh3r4BzIAebEgZf7OOmk", "created_at": "2025-03-07T13:39:35.083Z", "expires_at": "2025-03-14T13:39:35Z"}}, {"model": "token_blacklist.outstandingtoken", "pk": 47, "fields": {"user": null, "jti": "8c43e55fe2b14732869d1d0180262937", "token": "eyJhbGciOiJIUzI1NiIsInR5cCI6IkpXVCJ9.eyJ0b2tlbl90eXBlIjoicmVmcmVzaCIsImV4cCI6MTc0MTk1OTQ1NSwiaWF0IjoxNzQxMzU0NjU1LCJqdGkiOiI4YzQzZTU1ZmUyYjE0NzMyODY5ZDFkMDE4MDI2MjkzNyIsInVzZXJfaWQiOjJ9.qouda4_6mzeD5QACzl2zzTQ5GQvmhjCWTCQAhNV1yUg", "created_at": null, "expires_at": "2025-03-14T13:37:35Z"}}, {"model": "token_blacklist.outstandingtoken", "pk": 48, "fields": {"user": null, "jti": "9130f914044845888f1698d7ab932389", "token": "eyJhbGciOiJIUzI1NiIsInR5cCI6IkpXVCJ9.eyJ0b2tlbl90eXBlIjoicmVmcmVzaCIsImV4cCI6MTc0MTk1OTY5NSwiaWF0IjoxNzQxMzU0ODk1LCJqdGkiOiI5MTMwZjkxNDA0NDg0NTg4OGYxNjk4ZDdhYjkzMjM4OSIsInVzZXJfaWQiOjJ9.2M12r4Xqht3UjFgJPCxcwHERT4FBVhOkgTRPp5ig37s", "created_at": null, "expires_at": "2025-03-14T13:41:35Z"}}, {"model": "token_blacklist.outstandingtoken", "pk": 49, "fields": {"user": null, "jti": "436604522e664ff99bd83cc9f67646b2", "token": "eyJhbGciOiJIUzI1NiIsInR5cCI6IkpXVCJ9.eyJ0b2tlbl90eXBlIjoicmVmcmVzaCIsImV4cCI6MTc0MTk1OTgxMiwiaWF0IjoxNzQxMzU1MDEyLCJqdGkiOiI0MzY2MDQ1MjJlNjY0ZmY5OWJkODNjYzlmNjc2NDZiMiIsInVzZXJfaWQiOjF9.P0enSjNzOTfLPoaFEVZeugaLnwGh4PrbThTOq3QGQgs", "created_at": null, "expires_at": "2025-03-14T13:43:32Z"}}, {"model": "token_blacklist.outstandingtoken", "pk": 50, "fields": {"user": null, "jti": "fc595184a7404b909b6561f32080dfdc", "token": "eyJhbGciOiJIUzI1NiIsInR5cCI6IkpXVCJ9.eyJ0b2tlbl90eXBlIjoicmVmcmVzaCIsImV4cCI6MTc0MTk1OTkzNSwiaWF0IjoxNzQxMzU1MTM1LCJqdGkiOiJmYzU5NTE4NGE3NDA0YjkwOWI2NTYxZjMyMDgwZGZkYyIsInVzZXJfaWQiOjJ9.bFWqfBs-82ypVuDlTaO7ymJCPgaIWo0SWGp50HY8sIE", "created_at": null, "expires_at": "2025-03-14T13:45:35Z"}}, {"model": "token_blacklist.outstandingtoken", "pk": 51, "fields": {"user": null, "jti": "43c9ec7cc26b40cfa7122dafdbe0d6d9", "token": "eyJhbGciOiJIUzI1NiIsInR5cCI6IkpXVCJ9.eyJ0b2tlbl90eXBlIjoicmVmcmVzaCIsImV4cCI6MTc0MTk2MDA1MiwiaWF0IjoxNzQxMzU1MjUyLCJqdGkiOiI0M2M5ZWM3Y2MyNmI0MGNmYTcxMjJkYWZkYmUwZDZkOSIsInVzZXJfaWQiOjF9.eaWQaaLWkzrFElsECtItTA3Eac4MpjtU7tr1T686aQI", "created_at": null, "expires_at": "2025-03-14T13:47:32Z"}}, {"model": "token_blacklist.outstandingtoken", "pk": 52, "fields": {"user": null, "jti": "31e2ad5f620b4b68ab0c23d3d186073e", "token": "eyJhbGciOiJIUzI1NiIsInR5cCI6IkpXVCJ9.eyJ0b2tlbl90eXBlIjoicmVmcmVzaCIsImV4cCI6MTc0MTk2MDE3NSwiaWF0IjoxNzQxMzU1Mzc1LCJqdGkiOiIzMWUyYWQ1ZjYyMGI0YjY4YWIwYzIzZDNkMTg2MDczZSIsInVzZXJfaWQiOjJ9.iJqQqoDnRcE2AAmY21EGTYmCeukI1yMdOTJzfEVwlPw", "created_at": null, "expires_at": "2025-03-14T13:49:35Z"}}, {"model": "token_blacklist.outstandingtoken", "pk": 53, "fields": {"user": null, "jti": "64dfd404e2634c36a02e6e60baf2838d", "token": "eyJhbGciOiJIUzI1NiIsInR5cCI6IkpXVCJ9.eyJ0b2tlbl90eXBlIjoicmVmcmVzaCIsImV4cCI6MTc0MTk2MDMzNCwiaWF0IjoxNzQxMzU1NTM0LCJqdGkiOiI2NGRmZDQwNGUyNjM0YzM2YTAyZTZlNjBiYWYyODM4ZCIsInVzZXJfaWQiOjF9.jNWoYwItfAwDzqIuOjQw9JZRciWaDsdQZrFDqh-bkbc", "created_at": null, "expires_at": "2025-03-14T13:52:14Z"}}, {"model": "token_blacklist.outstandingtoken", "pk": 54, "fields": {"user": null, "jti": "73a8ad59da8743afbc34e18bb4f26930", "token": "eyJhbGciOiJIUzI1NiIsInR5cCI6IkpXVCJ9.eyJ0b2tlbl90eXBlIjoicmVmcmVzaCIsImV4cCI6MTc0MTk2MDQxNSwiaWF0IjoxNzQxMzU1NjE1LCJqdGkiOiI3M2E4YWQ1OWRhODc0M2FmYmMzNGUxOGJiNGYyNjkzMCIsInVzZXJfaWQiOjJ9._Dr2O9nUDtSE1xPzqB7CWYfZ8-VkBeU9yB6mrjvjcd4", "created_at": null, "expires_at": "2025-03-14T13:53:35Z"}}, {"model": "token_blacklist.outstandingtoken", "pk": 55, "fields": {"user": null, "jti": "b1987de28b8c453f9534a0ff97140c06", "token": "eyJhbGciOiJIUzI1NiIsInR5cCI6IkpXVCJ9.eyJ0b2tlbl90eXBlIjoicmVmcmVzaCIsImV4cCI6MTc0MTk2MDU3NCwiaWF0IjoxNzQxMzU1Nzc0LCJqdGkiOiJiMTk4N2RlMjhiOGM0NTNmOTUzNGEwZmY5NzE0MGMwNiIsInVzZXJfaWQiOjF9.mZpmjIu-9lxw6giQnqz3nxPADvgKBfsqnU-OinRb3qg", "created_at": null, "expires_at": "2025-03-14T13:56:14Z"}}, {"model": "token_blacklist.outstandingtoken", "pk": 56, "fields": {"user": null, "jti": "6751a6641970455eadad473a0de56d00", "token": "eyJhbGciOiJIUzI1NiIsInR5cCI6IkpXVCJ9.eyJ0b2tlbl90eXBlIjoicmVmcmVzaCIsImV4cCI6MTc0MTk2MDY1NSwiaWF0IjoxNzQxMzU1ODU1LCJqdGkiOiI2NzUxYTY2NDE5NzA0NTVlYWRhZDQ3M2EwZGU1NmQwMCIsInVzZXJfaWQiOjJ9.aO_YpRpb95p-DqyXaKGlqI-hgdd4GY5s-Uif3wzsgKI", "created_at": null, "expires_at": "2025-03-14T13:57:35Z"}}, {"model": "token_blacklist.outstandingtoken", "pk": 57, "fields": {"user": 1, "jti": "16c21415a5b249dab95a05af41aebdf6", "token": "eyJhbGciOiJIUzI1NiIsInR5cCI6IkpXVCJ9.eyJ0b2tlbl90eXBlIjoicmVmcmVzaCIsImV4cCI6MTc0MTk2MTE1NiwiaWF0IjoxNzQxMzU2MzU2LCJqdGkiOiIxNmMyMTQxNWE1YjI0OWRhYjk1YTA1YWY0MWFlYmRmNiIsInVzZXJfaWQiOjF9.XogJqjJ9mGmWDtlKu01RnCczbvq4kPmmEDCAlSWY62I", "created_at": "2025-03-07T14:05:56.994Z", "expires_at": "2025-03-14T14:05:56Z"}}, {"model": "token_blacklist.outstandingtoken", "pk": 58, "fields": {"user": null, "jti": "90bc9a8c494640aba4c672d7db8bbd8a", "token": "eyJhbGciOiJIUzI1NiIsInR5cCI6IkpXVCJ9.eyJ0b2tlbl90eXBlIjoicmVmcmVzaCIsImV4cCI6MTc0MTk2MDg5NSwiaWF0IjoxNzQxMzU2MDk1LCJqdGkiOiI5MGJjOWE4YzQ5NDY0MGFiYTRjNjcyZDdkYjhiYmQ4YSIsInVzZXJfaWQiOjJ9.Qe-t8fBQJBwOnIvSUJqoHDhMobY0I2ktLOow86fvSfM", "created_at": null, "expires_at": "2025-03-14T14:01:35Z"}}, {"model": "token_blacklist.outstandingtoken", "pk": 59, "fields": {"user": null, "jti": "b76373accf82466eaf5b9f7e19c94720", "token": "eyJhbGciOiJIUzI1NiIsInR5cCI6IkpXVCJ9.eyJ0b2tlbl90eXBlIjoicmVmcmVzaCIsImV4cCI6MTc0MTk2MTM3NSwiaWF0IjoxNzQxMzU2NTc1LCJqdGkiOiJiNzYzNzNhY2NmODI0NjZlYWY1YjlmN2UxOWM5NDcyMCIsInVzZXJfaWQiOjJ9.gDo37y8WvHycYR90dUod4Imr0yUNc8XKfb6HMU7Ue6A", "created_at": null, "expires_at": "2025-03-14T14:09:35Z"}}, {"model": "token_blacklist.outstandingtoken", "pk": 60, "fields": {"user": null, "jti": "63518fed30ad4a1d9708fec2ab6ec9dc", "token": "eyJhbGciOiJIUzI1NiIsInR5cCI6IkpXVCJ9.eyJ0b2tlbl90eXBlIjoicmVmcmVzaCIsImV4cCI6MTc0MTk2MTYxNSwiaWF0IjoxNzQxMzU2ODE1LCJqdGkiOiI2MzUxOGZlZDMwYWQ0YTFkOTcwOGZlYzJhYjZlYzlkYyIsInVzZXJfaWQiOjJ9.ECha0EIY4N99lel6NiFI4-dotofUb11UNSbkgBysPyo", "created_at": null, "expires_at": "2025-03-14T14:13:35Z"}}, {"model": "token_blacklist.outstandingtoken", "pk": 61, "fields": {"user": null, "jti": "733dc0cf300547669d4e120e7e08b99a", "token": "eyJhbGciOiJIUzI1NiIsInR5cCI6IkpXVCJ9.eyJ0b2tlbl90eXBlIjoicmVmcmVzaCIsImV4cCI6MTc0MTk2MTQ1OCwiaWF0IjoxNzQxMzU2NjU4LCJqdGkiOiI3MzNkYzBjZjMwMDU0NzY2OWQ0ZTEyMGU3ZTA4Yjk5YSIsInVzZXJfaWQiOjF9.RToCMX6dAyD6lLxNJ1vIFpgYuv5lm-e6MLMZvavSN08", "created_at": null, "expires_at": "2025-03-14T14:10:58Z"}}, {"model": "token_blacklist.outstandingtoken", "pk": 62, "fields": {"user": null, "jti": "a833aada4bbe4b2abba67058f25c3718", "token": "eyJhbGciOiJIUzI1NiIsInR5cCI6IkpXVCJ9.eyJ0b2tlbl90eXBlIjoicmVmcmVzaCIsImV4cCI6MTc0MTk2MTg1NSwiaWF0IjoxNzQxMzU3MDU1LCJqdGkiOiJhODMzYWFkYTRiYmU0YjJhYmJhNjcwNThmMjVjMzcxOCIsInVzZXJfaWQiOjJ9.2x42wgKgcmjF2M_mpMETXkpRuqzqpjA-Nsyq6O7vReg", "created_at": null, "expires_at": "2025-03-14T14:17:35Z"}}, {"model": "token_blacklist.outstandingtoken", "pk": 63, "fields": {"user": null, "jti": "e01b8d4822b7429fac1e86371e3b6253", "token": "eyJhbGciOiJIUzI1NiIsInR5cCI6IkpXVCJ9.eyJ0b2tlbl90eXBlIjoicmVmcmVzaCIsImV4cCI6MTc0MTk2MTk0MSwiaWF0IjoxNzQxMzU3MTQxLCJqdGkiOiJlMDFiOGQ0ODIyYjc0MjlmYWMxZTg2MzcxZTNiNjI1MyIsInVzZXJfaWQiOjF9.y0BBbXTsvkdVwWlZznDeNFaol9SLkWl3Fb3Nr03_NOY", "created_at": null, "expires_at": "2025-03-14T14:19:01Z"}}, {"model": "token_blacklist.outstandingtoken", "pk": 64, "fields": {"user": null, "jti": "fabcb8f32fd040578d6aa849141ae835", "token": "eyJhbGciOiJIUzI1NiIsInR5cCI6IkpXVCJ9.eyJ0b2tlbl90eXBlIjoicmVmcmVzaCIsImV4cCI6MTc0MTk2MjI4MCwiaWF0IjoxNzQxMzU3NDgwLCJqdGkiOiJmYWJjYjhmMzJmZDA0MDU3OGQ2YWE4NDkxNDFhZTgzNSIsInVzZXJfaWQiOjF9.4h9Sl9dqYp3D04K4K5qmDF5Eh7Zfu1qE744qh_4-XTA", "created_at": null, "expires_at": "2025-03-14T14:24:40Z"}}, {"model": "token_blacklist.outstandingtoken", "pk": 65, "fields": {"user": null, "jti": "38296ec724104a229f776cd8dd5c01e7", "token": "eyJhbGciOiJIUzI1NiIsInR5cCI6IkpXVCJ9.eyJ0b2tlbl90eXBlIjoicmVmcmVzaCIsImV4cCI6MTc0MTk2MjA5NSwiaWF0IjoxNzQxMzU3Mjk1LCJqdGkiOiIzODI5NmVjNzI0MTA0YTIyOWY3NzZjZDhkZDVjMDFlNyIsInVzZXJfaWQiOjJ9.DAVRo0embOQ9rB9bcH3TwpL7tY53-abyA1CXLYdUidc", "created_at": null, "expires_at": "2025-03-14T14:21:35Z"}}, {"model": "token_blacklist.outstandingtoken", "pk": 66, "fields": {"user": null, "jti": "bacb9e2bd6e246bb8091c90b6e325164", "token": "eyJhbGciOiJIUzI1NiIsInR5cCI6IkpXVCJ9.eyJ0b2tlbl90eXBlIjoicmVmcmVzaCIsImV4cCI6MTc0MTk2MjMzNSwiaWF0IjoxNzQxMzU3NTM1LCJqdGkiOiJiYWNiOWUyYmQ2ZTI0NmJiODA5MWM5MGI2ZTMyNTE2NCIsInVzZXJfaWQiOjJ9.582CMqhde79yhdnEesm9lE7W6nSM2T500NkeZmwNXHo", "created_at": null, "expires_at": "2025-03-14T14:25:35Z"}}, {"model": "token_blacklist.outstandingtoken", "pk": 67, "fields": {"user": null, "jti": "1336452a36d94ef19ccef4e64ff74e1a", "token": "eyJhbGciOiJIUzI1NiIsInR5cCI6IkpXVCJ9.eyJ0b2tlbl90eXBlIjoicmVmcmVzaCIsImV4cCI6MTc0MTk2MjI4MCwiaWF0IjoxNzQxMzU3NDgwLCJqdGkiOiIxMzM2NDUyYTM2ZDk0ZWYxOWNjZWY0ZTY0ZmY3NGUxYSIsInVzZXJfaWQiOjF9.yolRNm29V7s1EeIv_ELXcTWngA2Occn46BXE9t6usK8", "created_at": null, "expires_at": "2025-03-14T14:24:40Z"}}, {"model": "token_blacklist.outstandingtoken", "pk": 68, "fields": {"user": null, "jti": "90e64b696d874b0a9653df33b3ba21b4", "token": "eyJhbGciOiJIUzI1NiIsInR5cCI6IkpXVCJ9.eyJ0b2tlbl90eXBlIjoicmVmcmVzaCIsImV4cCI6MTc0MTk2MjU3NSwiaWF0IjoxNzQxMzU3Nzc1LCJqdGkiOiI5MGU2NGI2OTZkODc0YjBhOTY1M2RmMzNiM2JhMjFiNCIsInVzZXJfaWQiOjJ9.LZ9yXVCEf0DAoiVQGy7mawkCOyf2MB6MOV6qmiMi4-M", "created_at": null, "expires_at": "2025-03-14T14:29:35Z"}}, {"model": "token_blacklist.outstandingtoken", "pk": 69, "fields": {"user": null, "jti": "4c07be42267041f380a0b8faa7d92422", "token": "eyJhbGciOiJIUzI1NiIsInR5cCI6IkpXVCJ9.eyJ0b2tlbl90eXBlIjoicmVmcmVzaCIsImV4cCI6MTc0MTk2MjU3OSwiaWF0IjoxNzQxMzU3Nzc5LCJqdGkiOiI0YzA3YmU0MjI2NzA0MWYzODBhMGI4ZmFhN2Q5MjQyMiIsInVzZXJfaWQiOjF9.7HysHPPUwb5T6v5dpv4oiEhyODO1v7ZeKJQ5YL1A86g", "created_at": null, "expires_at": "2025-03-14T14:29:39Z"}}, {"model": "token_blacklist.outstandingtoken", "pk": 70, "fields": {"user": null, "jti": "2cfb0221a7584cb29292231cd7de33e4", "token": "eyJhbGciOiJIUzI1NiIsInR5cCI6IkpXVCJ9.eyJ0b2tlbl90eXBlIjoicmVmcmVzaCIsImV4cCI6MTc0MTk2MjgxNSwiaWF0IjoxNzQxMzU4MDE1LCJqdGkiOiIyY2ZiMDIyMWE3NTg0Y2IyOTI5MjIzMWNkN2RlMzNlNCIsInVzZXJfaWQiOjJ9.Q3iAL9d9nIEeXdTd7bMjfA2hoRccTEwTD0nk-lP8cj4", "created_at": null, "expires_at": "2025-03-14T14:33:35Z"}}, {"model": "token_blacklist.outstandingtoken", "pk": 71, "fields": {"user": null, "jti": "b5c44da343104619a1a0ca3fc1818b89", "token": "eyJhbGciOiJIUzI1NiIsInR5cCI6IkpXVCJ9.eyJ0b2tlbl90eXBlIjoicmVmcmVzaCIsImV4cCI6MTc0MTk2MjgxOSwiaWF0IjoxNzQxMzU4MDE5LCJqdGkiOiJiNWM0NGRhMzQzMTA0NjE5YTFhMGNhM2ZjMTgxOGI4OSIsInVzZXJfaWQiOjF9.Qk27iKObWjniG7U9fabLjGfxj0yv8qn3_RYBk5veIgg", "created_at": null, "expires_at": "2025-03-14T14:33:39Z"}}, {"model": "token_blacklist.outstandingtoken", "pk": 72, "fields": {"user": null, "jti": "a0b7c92713fd4fc2abba97068a604875", "token": "eyJhbGciOiJIUzI1NiIsInR5cCI6IkpXVCJ9.eyJ0b2tlbl90eXBlIjoicmVmcmVzaCIsImV4cCI6MTc0MTk2MzA1NSwiaWF0IjoxNzQxMzU4MjU1LCJqdGkiOiJhMGI3YzkyNzEzZmQ0ZmMyYWJiYTk3MDY4YTYwNDg3NSIsInVzZXJfaWQiOjJ9.kFLRcgevMKXM-FMYwZys139CNAbDzfPaPaGpMJ6oaUs", "created_at": null, "expires_at": "2025-03-14T14:37:35Z"}}, {"model": "token_blacklist.outstandingtoken", "pk": 73, "fields": {"user": null, "jti": "f30200da328647119c99e65bd5f8586b", "token": "eyJhbGciOiJIUzI1NiIsInR5cCI6IkpXVCJ9.eyJ0b2tlbl90eXBlIjoicmVmcmVzaCIsImV4cCI6MTc0MTk2MzI3MywiaWF0IjoxNzQxMzU4NDczLCJqdGkiOiJmMzAyMDBkYTMyODY0NzExOWM5OWU2NWJkNWY4NTg2YiIsInVzZXJfaWQiOjF9.IE6vme72_HqD5dlwANTo2fZqhkJ1y0fl10xknjStcWc", "created_at": null, "expires_at": "2025-03-14T14:41:13Z"}}, {"model": "token_blacklist.outstandingtoken", "pk": 74, "fields": {"user": null, "jti": "4b1fd8e65b264b118e3fef6cdbe9da9c", "token": "eyJhbGciOiJIUzI1NiIsInR5cCI6IkpXVCJ9.eyJ0b2tlbl90eXBlIjoicmVmcmVzaCIsImV4cCI6MTc0MTk2MzI5NSwiaWF0IjoxNzQxMzU4NDk1LCJqdGkiOiI0YjFmZDhlNjViMjY0YjExOGUzZmVmNmNkYmU5ZGE5YyIsInVzZXJfaWQiOjJ9.T1NF2JshRk2xg45LENPUrXVV-HZbPuNNPIy2am8kPBg", "created_at": null, "expires_at": "2025-03-14T14:41:35Z"}}, {"model": "token_blacklist.outstandingtoken", "pk": 75, "fields": {"user": null, "jti": "cfd5e1478fe54806a28a1550fec97255", "token": "eyJhbGciOiJIUzI1NiIsInR5cCI6IkpXVCJ9.eyJ0b2tlbl90eXBlIjoicmVmcmVzaCIsImV4cCI6MTc0MTk2MzUxMywiaWF0IjoxNzQxMzU4NzEzLCJqdGkiOiJjZmQ1ZTE0NzhmZTU0ODA2YTI4YTE1NTBmZWM5NzI1NSIsInVzZXJfaWQiOjF9.YmfdgC3kAwaJxr8FcJQmsr6N06kK-HpeGpo4foeQZmg", "created_at": null, "expires_at": "2025-03-14T14:45:13Z"}}, {"model": "token_blacklist.outstandingtoken", "pk": 76, "fields": {"user": null, "jti": "2c97f6f6cc274f059e2573696e1148a4", "token": "eyJhbGciOiJIUzI1NiIsInR5cCI6IkpXVCJ9.eyJ0b2tlbl90eXBlIjoicmVmcmVzaCIsImV4cCI6MTc0MTk2MzUzNSwiaWF0IjoxNzQxMzU4NzM1LCJqdGkiOiIyYzk3ZjZmNmNjMjc0ZjA1OWUyNTczNjk2ZTExNDhhNCIsInVzZXJfaWQiOjJ9.9d-DSW93ocZ8We5NjC-omuqoqsimUb6EDsCVis3SiiU", "created_at": null, "expires_at": "2025-03-14T14:45:35Z"}}, {"model": "token_blacklist.outstandingtoken", "pk": 77, "fields": {"user": null, "jti": "71c954231b5c48e198dbbd3725dab74f", "token": "eyJhbGciOiJIUzI1NiIsInR5cCI6IkpXVCJ9.eyJ0b2tlbl90eXBlIjoicmVmcmVzaCIsImV4cCI6MTc0MTk2Mzc1MywiaWF0IjoxNzQxMzU4OTUzLCJqdGkiOiI3MWM5NTQyMzFiNWM0OGUxOThkYmJkMzcyNWRhYjc0ZiIsInVzZXJfaWQiOjF9.n9frmvKzXv3hPv-dhncByk16Wd3jvTCM-NjerD64o-E", "created_at": null, "expires_at": "2025-03-14T14:49:13Z"}}, {"model": "token_blacklist.outstandingtoken", "pk": 78, "fields": {"user": null, "jti": "ca5ee77f95ca4d3b8091f460117f22a9", "token": "eyJhbGciOiJIUzI1NiIsInR5cCI6IkpXVCJ9.eyJ0b2tlbl90eXBlIjoicmVmcmVzaCIsImV4cCI6MTc0MTk2Mzc3NSwiaWF0IjoxNzQxMzU4OTc1LCJqdGkiOiJjYTVlZTc3Zjk1Y2E0ZDNiODA5MWY0NjAxMTdmMjJhOSIsInVzZXJfaWQiOjJ9.Ms74LdBCQZtJ0G2sMyubQvCRGuTGVAdWQvjB-rU5xro", "created_at": null, "expires_at": "2025-03-14T14:49:35Z"}}, {"model": "token_blacklist.outstandingtoken", "pk": 79, "fields": {"user": null, "jti": "4ccc1e72c5804e02b4580788952cc2f1", "token": "eyJhbGciOiJIUzI1NiIsInR5cCI6IkpXVCJ9.eyJ0b2tlbl90eXBlIjoicmVmcmVzaCIsImV4cCI6MTc0MTk2Mzk5MywiaWF0IjoxNzQxMzU5MTkzLCJqdGkiOiI0Y2NjMWU3MmM1ODA0ZTAyYjQ1ODA3ODg5NTJjYzJmMSIsInVzZXJfaWQiOjF9._mTSZzjf1QdTHJiDvvM7WWtcvdDAWjQxOhbckkJc36k", "created_at": null, "expires_at": "2025-03-14T14:53:13Z"}}, {"model": "token_blacklist.outstandingtoken", "pk": 80, "fields": {"user": null, "jti": "f25baa951668403299b19e2e825e8f47", "token": "eyJhbGciOiJIUzI1NiIsInR5cCI6IkpXVCJ9.eyJ0b2tlbl90eXBlIjoicmVmcmVzaCIsImV4cCI6MTc0MTk2NDAxNSwiaWF0IjoxNzQxMzU5MjE1LCJqdGkiOiJmMjViYWE5NTE2Njg0MDMyOTliMTllMmU4MjVlOGY0NyIsInVzZXJfaWQiOjJ9.X7wxFdi1RhQcHmvYb7F618x5ZQ23hBhFij8q6pgGfTg", "created_at": null, "expires_at": "2025-03-14T14:53:35Z"}}, {"model": "token_blacklist.outstandingtoken", "pk": 81, "fields": {"user": null, "jti": "e70ec04b878844ed97ca5f5a82e1a2b8", "token": "eyJhbGciOiJIUzI1NiIsInR5cCI6IkpXVCJ9.eyJ0b2tlbl90eXBlIjoicmVmcmVzaCIsImV4cCI6MTc0MTk2NDI1NSwiaWF0IjoxNzQxMzU5NDU1LCJqdGkiOiJlNzBlYzA0Yjg3ODg0NGVkOTdjYTVmNWE4MmUxYTJiOCIsInVzZXJfaWQiOjJ9.s6lx0qJXxTr_XIeWwdJWutAsu7PmD40zY3zeZdqlsvQ", "created_at": null, "expires_at": "2025-03-14T14:57:35Z"}}, {"model": "token_blacklist.outstandingtoken", "pk": 82, "fields": {"user": null, "jti": "8ab7243999834f50ab3dce065a25514e", "token": "eyJhbGciOiJIUzI1NiIsInR5cCI6IkpXVCJ9.eyJ0b2tlbl90eXBlIjoicmVmcmVzaCIsImV4cCI6MTc0MTk2NDIzMywiaWF0IjoxNzQxMzU5NDMzLCJqdGkiOiI4YWI3MjQzOTk5ODM0ZjUwYWIzZGNlMDY1YTI1NTE0ZSIsInVzZXJfaWQiOjF9.Fz5dc4-ZkKH3inpMZ-NAFeSqV1AgzAqBwK38pHuQ50M", "created_at": null, "expires_at": "2025-03-14T14:57:13Z"}}, {"model": "token_blacklist.outstandingtoken", "pk": 83, "fields": {"user": null, "jti": "e19402998bc2415c9a7036f8a6f59e57", "token": "eyJhbGciOiJIUzI1NiIsInR5cCI6IkpXVCJ9.eyJ0b2tlbl90eXBlIjoicmVmcmVzaCIsImV4cCI6MTc0MTk2NDU3NywiaWF0IjoxNzQxMzU5Nzc3LCJqdGkiOiJlMTk0MDI5OThiYzI0MTVjOWE3MDM2ZjhhNmY1OWU1NyIsInVzZXJfaWQiOjF9.gN0xp_Pbggy-_nqSlWsAmy3z-TUJPb0_EwgGaNodHp4", "created_at": null, "expires_at": "2025-03-14T15:02:57Z"}}, {"model": "token_blacklist.outstandingtoken", "pk": 84, "fields": {"user": null, "jti": "52fc0eea3efc4aaab6fa8d8c84aaa1ed", "token": "eyJhbGciOiJIUzI1NiIsInR5cCI6IkpXVCJ9.eyJ0b2tlbl90eXBlIjoicmVmcmVzaCIsImV4cCI6MTc0MTk2NDQ5NSwiaWF0IjoxNzQxMzU5Njk1LCJqdGkiOiI1MmZjMGVlYTNlZmM0YWFhYjZmYThkOGM4NGFhYTFlZCIsInVzZXJfaWQiOjJ9.DVehSfve3UbdyS32kniuqDs6SDnxQeLtNkz0I-UJ7iA", "created_at": null, "expires_at": "2025-03-14T15:01:35Z"}}, {"model": "token_blacklist.outstandingtoken", "pk": 85, "fields": {"user": null, "jti": "35f56a796d92410da238b00864e4e272", "token": "eyJhbGciOiJIUzI1NiIsInR5cCI6IkpXVCJ9.eyJ0b2tlbl90eXBlIjoicmVmcmVzaCIsImV4cCI6MTc0MTk2NDU3NywiaWF0IjoxNzQxMzU5Nzc3LCJqdGkiOiIzNWY1NmE3OTZkOTI0MTBkYTIzOGIwMDg2NGU0ZTI3MiIsInVzZXJfaWQiOjF9.MMfo9Hyu9y35C2CgfbNGiXew6Vh257hxaJzz3KIhTW4", "created_at": null, "expires_at": "2025-03-14T15:02:57Z"}}, {"model": "token_blacklist.outstandingtoken", "pk": 86, "fields": {"user": null, "jti": "a9ad1fb2695349068c5f30b87f431c80", "token": "eyJhbGciOiJIUzI1NiIsInR5cCI6IkpXVCJ9.eyJ0b2tlbl90eXBlIjoicmVmcmVzaCIsImV4cCI6MTc0MTk2NDczNSwiaWF0IjoxNzQxMzU5OTM1LCJqdGkiOiJhOWFkMWZiMjY5NTM0OTA2OGM1ZjMwYjg3ZjQzMWM4MCIsInVzZXJfaWQiOjJ9.DOlJEKyMcB27D25RCYCo3AQjjBdQFmku0lTu-LkiAzI", "created_at": null, "expires_at": "2025-03-14T15:05:35Z"}}, {"model": "token_blacklist.outstandingtoken", "pk": 87, "fields": {"user": null, "jti": "c3e85a68506549d1a87c5ef23d4c13c7", "token": "eyJhbGciOiJIUzI1NiIsInR5cCI6IkpXVCJ9.eyJ0b2tlbl90eXBlIjoicmVmcmVzaCIsImV4cCI6MTc0MTk2NDkzNCwiaWF0IjoxNzQxMzYwMTM0LCJqdGkiOiJjM2U4NWE2ODUwNjU0OWQxYTg3YzVlZjIzZDRjMTNjNyIsInVzZXJfaWQiOjF9.uxCl6NnaGF1jEQt5GBAimUazw0A4JuYUxHvXLLIbgtM", "created_at": null, "expires_at": "2025-03-14T15:08:54Z"}}, {"model": "token_blacklist.outstandingtoken", "pk": 88, "fields": {"user": null, "jti": "ee7757ce75014ca19ecb8919d3ede7d6", "token": "eyJhbGciOiJIUzI1NiIsInR5cCI6IkpXVCJ9.eyJ0b2tlbl90eXBlIjoicmVmcmVzaCIsImV4cCI6MTc0MTk2NDk3NSwiaWF0IjoxNzQxMzYwMTc1LCJqdGkiOiJlZTc3NTdjZTc1MDE0Y2ExOWVjYjg5MTlkM2VkZTdkNiIsInVzZXJfaWQiOjJ9.C_IscslIz3r4NMfN_v2TvfVJ2UoPYWyPiqh3sbulDF0", "created_at": null, "expires_at": "2025-03-14T15:09:35Z"}}, {"model": "token_blacklist.outstandingtoken", "pk": 89, "fields": {"user": null, "jti": "184d8f2877f64080b30889ebfeb59933", "token": "eyJhbGciOiJIUzI1NiIsInR5cCI6IkpXVCJ9.eyJ0b2tlbl90eXBlIjoicmVmcmVzaCIsImV4cCI6MTc0MTk2NTE3NCwiaWF0IjoxNzQxMzYwMzc0LCJqdGkiOiIxODRkOGYyODc3ZjY0MDgwYjMwODg5ZWJmZWI1OTkzMyIsInVzZXJfaWQiOjF9.netY1NeIQcVIrN8q7631uy0YMeYz1LSf0yU-Z897hvo", "created_at": null, "expires_at": "2025-03-14T15:12:54Z"}}, {"model": "token_blacklist.outstandingtoken", "pk": 90, "fields": {"user": null, "jti": "ddc5a283c0b044f08f37a00b8b47d9dd", "token": "eyJhbGciOiJIUzI1NiIsInR5cCI6IkpXVCJ9.eyJ0b2tlbl90eXBlIjoicmVmcmVzaCIsImV4cCI6MTc0MTk2NTIxNSwiaWF0IjoxNzQxMzYwNDE1LCJqdGkiOiJkZGM1YTI4M2MwYjA0NGYwOGYzN2EwMGI4YjQ3ZDlkZCIsInVzZXJfaWQiOjJ9.TaPn6XyEpNxqHaJGcFKYgBKVRjEOnpJey-sjyUAuLWQ", "created_at": null, "expires_at": "2025-03-14T15:13:35Z"}}, {"model": "token_blacklist.outstandingtoken", "pk": 91, "fields": {"user": null, "jti": "04d0e021ff2a41259a2d73ff60dd548b", "token": "eyJhbGciOiJIUzI1NiIsInR5cCI6IkpXVCJ9.eyJ0b2tlbl90eXBlIjoicmVmcmVzaCIsImV4cCI6MTc0MTk2NTQxNCwiaWF0IjoxNzQxMzYwNjE0LCJqdGkiOiIwNGQwZTAyMWZmMmE0MTI1OWEyZDczZmY2MGRkNTQ4YiIsInVzZXJfaWQiOjF9.uRbiNz7K59qlH58W_LU1v4w0a-Un8JMlFa1c6R4j_AQ", "created_at": null, "expires_at": "2025-03-14T15:16:54Z"}}, {"model": "token_blacklist.outstandingtoken", "pk": 92, "fields": {"user": null, "jti": "53c4a4b967464d7b82c0564dc8876103", "token": "eyJhbGciOiJIUzI1NiIsInR5cCI6IkpXVCJ9.eyJ0b2tlbl90eXBlIjoicmVmcmVzaCIsImV4cCI6MTc0MTk2NTQ1NSwiaWF0IjoxNzQxMzYwNjU1LCJqdGkiOiI1M2M0YTRiOTY3NDY0ZDdiODJjMDU2NGRjODg3NjEwMyIsInVzZXJfaWQiOjJ9.AZJxy4BB6DRXStLvDGeAugCK1sVGGpqazVSBnyqsBx8", "created_at": null, "expires_at": "2025-03-14T15:17:35Z"}}, {"model": "token_blacklist.outstandingtoken", "pk": 93, "fields": {"user": null, "jti": "4a1b0fbf996b40608f3415fa93eee754", "token": "eyJhbGciOiJIUzI1NiIsInR5cCI6IkpXVCJ9.eyJ0b2tlbl90eXBlIjoicmVmcmVzaCIsImV4cCI6MTc0MTk2NTY5NSwiaWF0IjoxNzQxMzYwODk1LCJqdGkiOiI0YTFiMGZiZjk5NmI0MDYwOGYzNDE1ZmE5M2VlZTc1NCIsInVzZXJfaWQiOjJ9.RwHEemI-0KkvA8EjdXLfYFHFCcwXsGigpHjamsL0cgE", "created_at": null, "expires_at": "2025-03-14T15:21:35Z"}}, {"model": "token_blacklist.outstandingtoken", "pk": 94, "fields": {"user": null, "jti": "b62a4a81bd0a4dcc8735fd0a760a7a79", "token": "eyJhbGciOiJIUzI1NiIsInR5cCI6IkpXVCJ9.eyJ0b2tlbl90eXBlIjoicmVmcmVzaCIsImV4cCI6MTc0MTk2NTY1NCwiaWF0IjoxNzQxMzYwODU0LCJqdGkiOiJiNjJhNGE4MWJkMGE0ZGNjODczNWZkMGE3NjBhN2E3OSIsInVzZXJfaWQiOjF9._d4otuoI8nCabpOn0T931_Np3z3d_PIh0ST7bLglojQ", "created_at": null, "expires_at": "2025-03-14T15:20:54Z"}}, {"model": "token_blacklist.outstandingtoken", "pk": 95, "fields": {"user": null, "jti": "b0caba0c88fd479f8223ff49192ae4a3", "token": "eyJhbGciOiJIUzI1NiIsInR5cCI6IkpXVCJ9.eyJ0b2tlbl90eXBlIjoicmVmcmVzaCIsImV4cCI6MTc0MTk2NTkzNSwiaWF0IjoxNzQxMzYxMTM1LCJqdGkiOiJiMGNhYmEwYzg4ZmQ0NzlmODIyM2ZmNDkxOTJhZTRhMyIsInVzZXJfaWQiOjJ9.VhHeL5I-Ltitcr-GmipJXBjkVpfA2yY5ZXKGWFnL-LY", "created_at": null, "expires_at": "2025-03-14T15:25:35Z"}}, {"model": "token_blacklist.outstandingtoken", "pk": 96, "fields": {"user": null, "jti": "cd8d989cfc84458a8a7994a19f52c28a", "token": "eyJhbGciOiJIUzI1NiIsInR5cCI6IkpXVCJ9.eyJ0b2tlbl90eXBlIjoicmVmcmVzaCIsImV4cCI6MTc0MTk2NjAxNCwiaWF0IjoxNzQxMzYxMjE0LCJqdGkiOiJjZDhkOTg5Y2ZjODQ0NThhOGE3OTk0YTE5ZjUyYzI4YSIsInVzZXJfaWQiOjF9.MzlnvQ9CbjrrzBAXLQi4Amg-gav56JIGoP_LcHzqFKI", "created_at": null, "expires_at": "2025-03-14T15:26:54Z"}}, {"model": "token_blacklist.outstandingtoken", "pk": 97, "fields": {"user": null, "jti": "8b5945eac703479d9e25f720d426d46e", "token": "eyJhbGciOiJIUzI1NiIsInR5cCI6IkpXVCJ9.eyJ0b2tlbl90eXBlIjoicmVmcmVzaCIsImV4cCI6MTc0MTk2NjE3NSwiaWF0IjoxNzQxMzYxMzc1LCJqdGkiOiI4YjU5NDVlYWM3MDM0NzlkOWUyNWY3MjBkNDI2ZDQ2ZSIsInVzZXJfaWQiOjJ9.PbiXD_K91F4Gbx7X0bcUxaapIw9C39dOg3zhr8NtZvM", "created_at": null, "expires_at": "2025-03-14T15:29:35Z"}}, {"model": "token_blacklist.outstandingtoken", "pk": 98, "fields": {"user": null, "jti": "2d5c635017eb45e4babe039fc2b0afee", "token": "eyJhbGciOiJIUzI1NiIsInR5cCI6IkpXVCJ9.eyJ0b2tlbl90eXBlIjoicmVmcmVzaCIsImV4cCI6MTc0MTk2NjQxNSwiaWF0IjoxNzQxMzYxNjE1LCJqdGkiOiIyZDVjNjM1MDE3ZWI0NWU0YmFiZTAzOWZjMmIwYWZlZSIsInVzZXJfaWQiOjJ9.LJs-nTsi1IKKQOt6Pj992rLR3i30SsAAtaMhWStkxSg", "created_at": null, "expires_at": "2025-03-14T15:33:35Z"}}, {"model": "token_blacklist.outstandingtoken", "pk": 99, "fields": {"user": null, "jti": "46206524169045de9aa587ea496798e5", "token": "eyJhbGciOiJIUzI1NiIsInR5cCI6IkpXVCJ9.eyJ0b2tlbl90eXBlIjoicmVmcmVzaCIsImV4cCI6MTc0MTk2NjM4NCwiaWF0IjoxNzQxMzYxNTg0LCJqdGkiOiI0NjIwNjUyNDE2OTA0NWRlOWFhNTg3ZWE0OTY3OThlNSIsInVzZXJfaWQiOjF9.Zg6YWPMAZ_KgR1q5C2LpCSM6cCvSlGp6EepeXtSRF_4", "created_at": null, "expires_at": "2025-03-14T15:33:04Z"}}, {"model": "token_blacklist.blacklistedtoken", "pk": 1, "fields": {"token": 1, "blacklisted_at": "2025-03-07T10:49:45.543Z"}}, {"model": "token_blacklist.blacklistedtoken", "pk": 2, "fields": {"token": 2, "blacklisted_at": "2025-03-07T10:53:49.075Z"}}, {"model": "token_blacklist.blacklistedtoken", "pk": 3, "fields": {"token": 5, "blacklisted_at": "2025-03-07T11:03:47.088Z"}}, {"model": "token_blacklist.blacklistedtoken", "pk": 4, "fields": {"token": 6, "blacklisted_at": "2025-03-07T11:07:47.084Z"}}, {"model": "token_blacklist.blacklistedtoken", "pk": 5, "fields": {"token": 7, "blacklisted_at": "2025-03-07T11:11:47.091Z"}}, {"model": "token_blacklist.blacklistedtoken", "pk": 6, "fields": {"token": 8, "blacklisted_at": "2025-03-07T11:24:07.596Z"}}, {"model": "token_blacklist.blacklistedtoken", "pk": 7, "fields": {"token": 9, "blacklisted_at": "2025-03-07T11:24:07.858Z"}}, {"model": "token_blacklist.blacklistedtoken", "pk": 8, "fields": {"token": 10, "blacklisted_at": "2025-03-07T11:28:07.470Z"}}, {"model": "token_blacklist.blacklistedtoken", "pk": 9, "fields": {"token": 11, "blacklisted_at": "2025-03-07T11:34:36.073Z"}}, {"model": "token_blacklist.blacklistedtoken", "pk": 10, "fields": {"token": 12, "blacklisted_at": "2025-03-07T11:38:36.078Z"}}, {"model": "token_blacklist.blacklistedtoken", "pk": 11, "fields": {"token": 13, "blacklisted_at": "2025-03-07T11:47:24.044Z"}}, {"model": "token_blacklist.blacklistedtoken", "pk": 12, "fields": {"token": 14, "blacklisted_at": "2025-03-07T11:51:24.065Z"}}, {"model": "token_blacklist.blacklistedtoken", "pk": 13, "fields": {"token": 16, "blacklisted_at": "2025-03-07T12:04:00.031Z"}}, {"model": "token_blacklist.blacklistedtoken", "pk": 14, "fields": {"token": 17, "blacklisted_at": "2025-03-07T12:08:00.046Z"}}, {"model": "token_blacklist.blacklistedtoken", "pk": 15, "fields": {"token": 18, "blacklisted_at": "2025-03-07T12:11:59.626Z"}}, {"model": "token_blacklist.blacklistedtoken", "pk": 16, "fields": {"token": 19, "blacklisted_at": "2025-03-07T12:16:00.025Z"}}, {"model": "token_blacklist.blacklistedtoken", "pk": 17, "fields": {"token": 20, "blacklisted_at": "2025-03-07T12:21:06.176Z"}}, {"model": "token_blacklist.blacklistedtoken", "pk": 18, "fields": {"token": 21, "blacklisted_at": "2025-03-07T12:26:47.849Z"}}, {"model": "token_blacklist.blacklistedtoken", "pk": 19, "fields": {"token": 22, "blacklisted_at": "2025-03-07T12:26:48.131Z"}}, {"model": "token_blacklist.blacklistedtoken", "pk": 20, "fields": {"token": 23, "blacklisted_at": "2025-03-07T12:33:42.081Z"}}, {"model": "token_blacklist.blacklistedtoken", "pk": 21, "fields": {"token": 24, "blacklisted_at": "2025-03-07T12:33:42.363Z"}}, {"model": "token_blacklist.blacklistedtoken", "pk": 22, "fields": {"token": 25, "blacklisted_at": "2025-03-07T12:37:41.929Z"}}, {"model": "token_blacklist.blacklistedtoken", "pk": 23, "fields": {"token": 26, "blacklisted_at": "2025-03-07T12:41:41.960Z"}}, {"model": "token_blacklist.blacklistedtoken", "pk": 24, "fields": {"token": 27, "blacklisted_at": "2025-03-07T12:45:42.007Z"}}, {"model": "token_blacklist.blacklistedtoken", "pk": 25, "fields": {"token": 28, "blacklisted_at": "2025-03-07T12:49:42.001Z"}}, {"model": "token_blacklist.blacklistedtoken", "pk": 26, "fields": {"token": 29, "blacklisted_at": "2025-03-07T12:54:31.014Z"}}, {"model": "token_blacklist.blacklistedtoken", "pk": 27, "fields": {"token": 30, "blacklisted_at": "2025-03-07T12:58:31.010Z"}}, {"model": "token_blacklist.blacklistedtoken", "pk": 28, "fields": {"token": 31, "blacklisted_at": "2025-03-07T13:02:02.366Z"}}, {"model": "token_blacklist.blacklistedtoken", "pk": 29, "fields": {"token": 32, "blacklisted_at": "2025-03-07T13:06:31.010Z"}}, {"model": "token_blacklist.blacklistedtoken", "pk": 30, "fields": {"token": 33, "blacklisted_at": "2025-03-07T13:09:41.885Z"}}, {"model": "token_blacklist.blacklistedtoken", "pk": 31, "fields": {"token": 34, "blacklisted_at": "2025-03-07T13:13:35.972Z"}}, {"model": "token_blacklist.blacklistedtoken", "pk": 32, "fields": {"token": 35, "blacklisted_at": "2025-03-07T13:13:50.122Z"}}, {"model": "token_blacklist.blacklistedtoken", "pk": 33, "fields": {"token": 36, "blacklisted_at": "2025-03-07T13:17:35.947Z"}}, {"model": "token_blacklist.blacklistedtoken", "pk": 34, "fields": {"token": 39, "blacklisted_at": "2025-03-07T13:21:35.924Z"}}, {"model": "token_blacklist.blacklistedtoken", "pk": 35, "fields": {"token": 40, "blacklisted_at": "2025-03-07T13:25:35.930Z"}}, {"model": "token_blacklist.blacklistedtoken", "pk": 36, "fields": {"token": 38, "blacklisted_at": "2025-03-07T13:26:14.918Z"}}, {"model": "token_blacklist.blacklistedtoken", "pk": 37, "fields": {"token": 41, "blacklisted_at": "2025-03-07T13:29:35.943Z"}}, {"model": "token_blacklist.blacklistedtoken", "pk": 38, "fields": {"token": 42, "blacklisted_at": "2025-03-07T13:30:14.920Z"}}, {"model": "token_blacklist.blacklistedtoken", "pk": 39, "fields": {"token": 43, "blacklisted_at": "2025-03-07T13:33:35.929Z"}}, {"model": "token_blacklist.blacklistedtoken", "pk": 40, "fields": {"token": 44, "blacklisted_at": "2025-03-07T13:35:29.853Z"}}, {"model": "token_blacklist.blacklistedtoken", "pk": 41, "fields": {"token": 45, "blacklisted_at": "2025-03-07T13:37:35.915Z"}}, {"model": "token_blacklist.blacklistedtoken", "pk": 42, "fields": {"token": 47, "blacklisted_at": "2025-03-07T13:41:35.942Z"}}, {"model": "token_blacklist.blacklistedtoken", "pk": 43, "fields": {"token": 46, "blacklisted_at": "2025-03-07T13:43:32.942Z"}}, {"model": "token_blacklist.blacklistedtoken", "pk": 44, "fields": {"token": 48, "blacklisted_at": "2025-03-07T13:45:35.950Z"}}, {"model": "token_blacklist.blacklistedtoken", "pk": 45, "fields": {"token": 49, "blacklisted_at": "2025-03-07T13:47:32.941Z"}}, {"model": "token_blacklist.blacklistedtoken", "pk": 46, "fields": {"token": 50, "blacklisted_at": "2025-03-07T13:49:35.956Z"}}, {"model": "token_blacklist.blacklistedtoken", "pk": 47, "fields": {"token": 51, "blacklisted_at": "2025-03-07T13:52:14.940Z"}}, {"model": "token_blacklist.blacklistedtoken", "pk": 48, "fields": {"token": 52, "blacklisted_at": "2025-03-07T13:53:35.951Z"}}, {"model": "token_blacklist.blacklistedtoken", "pk": 49, "fields": {"token": 53, "blacklisted_at": "2025-03-07T13:56:14.950Z"}}, {"model": "token_blacklist.blacklistedtoken", "pk": 50, "fields": {"token": 54, "blacklisted_at": "2025-03-07T13:57:35.917Z"}}, {"model": "token_blacklist.blacklistedtoken", "pk": 51, "fields": {"token": 55, "blacklisted_at": "2025-03-07T14:00:23.935Z"}}, {"model": "token_blacklist.blacklistedtoken", "pk": 52, "fields": {"token": 56, "blacklisted_at": "2025-03-07T14:01:35.930Z"}}, {"model": "token_blacklist.blacklistedtoken", "pk": 53, "fields": {"token": 58, "blacklisted_at": "2025-03-07T14:09:35.903Z"}}, {"model": "token_blacklist.blacklistedtoken", "pk": 54, "fields": {"token": 57, "blacklisted_at": "2025-03-07T14:10:58.714Z"}}, {"model": "token_blacklist.blacklistedtoken", "pk": 55, "fields": {"token": 59, "blacklisted_at": "2025-03-07T14:13:35.903Z"}}, {"model": "token_blacklist.blacklistedtoken", "pk": 56, "fields": {"token": 60, "blacklisted_at": "2025-03-07T14:17:35.918Z"}}, {"model": "token_blacklist.blacklistedtoken", "pk": 57, "fields": {"token": 61, "blacklisted_at": "2025-03-07T14:19:01.929Z"}}, {"model": "token_blacklist.blacklistedtoken", "pk": 58, "fields": {"token": 62, "blacklisted_at": "2025-03-07T14:21:35.895Z"}}, {"model": "token_blacklist.blacklistedtoken", "pk": 59, "fields": {"token": 63, "blacklisted_at": "2025-03-07T14:24:40.616Z"}}, {"model": "token_blacklist.blacklistedtoken", "pk": 60, "fields": {"token": 64, "blacklisted_at": "2025-03-07T14:24:40.844Z"}}, {"model": "token_blacklist.blacklistedtoken", "pk": 61, "fields": {"token": 65, "blacklisted_at": "2025-03-07T14:25:35.895Z"}}, {"model": "token_blacklist.blacklistedtoken", "pk": 62, "fields": {"token": 66, "blacklisted_at": "2025-03-07T14:29:35.901Z"}}, {"model": "token_blacklist.blacklistedtoken", "pk": 63, "fields": {"token": 67, "blacklisted_at": "2025-03-07T14:29:39.889Z"}}, {"model": "token_blacklist.blacklistedtoken", "pk": 64, "fields": {"token": 68, "blacklisted_at": "2025-03-07T14:33:35.918Z"}}, {"model": "token_blacklist.blacklistedtoken", "pk": 65, "fields": {"token": 69, "blacklisted_at": "2025-03-07T14:33:39.887Z"}}, {"model": "token_blacklist.blacklistedtoken", "pk": 66, "fields": {"token": 70, "blacklisted_at": "2025-03-07T14:37:35.891Z"}}, {"model": "token_blacklist.blacklistedtoken", "pk": 67, "fields": {"token": 71, "blacklisted_at": "2025-03-07T14:41:13.880Z"}}, {"model": "token_blacklist.blacklistedtoken", "pk": 68, "fields": {"token": 72, "blacklisted_at": "2025-03-07T14:41:35.866Z"}}, {"model": "token_blacklist.blacklistedtoken", "pk": 69, "fields": {"token": 73, "blacklisted_at": "2025-03-07T14:45:13.877Z"}}, {"model": "token_blacklist.blacklistedtoken", "pk": 70, "fields": {"token": 74, "blacklisted_at": "2025-03-07T14:45:35.860Z"}}, {"model": "token_blacklist.blacklistedtoken", "pk": 71, "fields": {"token": 75, "blacklisted_at": "2025-03-07T14:49:13.857Z"}}, {"model": "token_blacklist.blacklistedtoken", "pk": 72, "fields": {"token": 76, "blacklisted_at": "2025-03-07T14:49:35.875Z"}}, {"model": "token_blacklist.blacklistedtoken", "pk": 73, "fields": {"token": 77, "blacklisted_at": "2025-03-07T14:53:13.856Z"}}, {"model": "token_blacklist.blacklistedtoken", "pk": 74, "fields": {"token": 78, "blacklisted_at": "2025-03-07T14:53:35.858Z"}}, {"model": "token_blacklist.blacklistedtoken", "pk": 75, "fields": {"token": 79, "blacklisted_at": "2025-03-07T14:57:13.861Z"}}, {"model": "token_blacklist.blacklistedtoken", "pk": 76, "fields": {"token": 80, "blacklisted_at": "2025-03-07T14:57:35.843Z"}}, {"model": "token_blacklist.blacklistedtoken", "pk": 77, "fields": {"token": 81, "blacklisted_at": "2025-03-07T15:01:35.856Z"}}, {"model": "token_blacklist.blacklistedtoken", "pk": 78, "fields": {"token": 82, "blacklisted_at": "2025-03-07T15:02:57.117Z"}}, {"model": "token_blacklist.blacklistedtoken", "pk": 79, "fields": {"token": 83, "blacklisted_at": "2025-03-07T15:02:57.343Z"}}, {"model": "token_blacklist.blacklistedtoken", "pk": 80, "fields": {"token": 84, "blacklisted_at": "2025-03-07T15:05:35.848Z"}}, {"model": "token_blacklist.blacklistedtoken", "pk": 81, "fields": {"token": 85, "blacklisted_at": "2025-03-07T15:08:54.856Z"}}, {"model": "token_blacklist.blacklistedtoken", "pk": 82, "fields": {"token": 86, "blacklisted_at": "2025-03-07T15:09:35.851Z"}}, {"model": "token_blacklist.blacklistedtoken", "pk": 83, "fields": {"token": 87, "blacklisted_at": "2025-03-07T15:12:54.862Z"}}, {"model": "token_blacklist.blacklistedtoken", "pk": 84, "fields": {"token": 88, "blacklisted_at": "2025-03-07T15:13:35.848Z"}}, {"model": "token_blacklist.blacklistedtoken", "pk": 85, "fields": {"token": 89, "blacklisted_at": "2025-03-07T15:16:54.888Z"}}, {"model": "token_blacklist.blacklistedtoken", "pk": 86, "fields": {"token": 90, "blacklisted_at": "2025-03-07T15:17:35.898Z"}}, {"model": "token_blacklist.blacklistedtoken", "pk": 87, "fields": {"token": 91, "blacklisted_at": "2025-03-07T15:20:54.860Z"}}, {"model": "token_blacklist.blacklistedtoken", "pk": 88, "fields": {"token": 92, "blacklisted_at": "2025-03-07T15:21:35.838Z"}}, {"model": "token_blacklist.blacklistedtoken", "pk": 89, "fields": {"token": 93, "blacklisted_at": "2025-03-07T15:25:35.861Z"}}, {"model": "token_blacklist.blacklistedtoken", "pk": 90, "fields": {"token": 94, "blacklisted_at": "2025-03-07T15:26:54.866Z"}}, {"model": "token_blacklist.blacklistedtoken", "pk": 91, "fields": {"token": 95, "blacklisted_at": "2025-03-07T15:29:35.847Z"}}, {"model": "token_blacklist.blacklistedtoken", "pk": 92, "fields": {"token": 96, "blacklisted_at": "2025-03-07T15:33:04.838Z"}}, {"model": "token_blacklist.blacklistedtoken", "pk": 93, "fields": {"token": 97, "blacklisted_at": "2025-03-07T15:33:35.827Z"}}, {"model": "token_blacklist.blacklistedtoken", "pk": 94, "fields": {"token": 98, "blacklisted_at": "2025-03-07T15:37:35.844Z"}}, {"model": "token_blacklist.blacklistedtoken", "pk": 95, "fields": {"token": 99, "blacklisted_at": "2025-03-07T15:38:21.833Z"}}]
